Date,Open,High,Low,Close,Volume,Dividends,Stock Splits,SMA_20,SMA_50,RSI_14,MACD,MACD_Signal,BB_Upper,BB_Lower,ATR_14,Volume_Change,Daily_Return,Target,ML_Predicted_Signal,ML_Confidence,News_Sentiment_Score,Sentiment_Label,Composite_Signal
2024-12-05 00:00:00-05:00,242.23213863223197,242.77816394602775,240.38553870781277,241.2889709472656,40033900,0.0,0.0,229.98896713256835,228.26942779541017,82.96251982716184,3.6989662044412057,2.0737573167562253,242.8228036968475,217.1551305682892,3.4059972792709,-0.0980085120956022,0.0001234570868351,0,0,0.5337397,-0.24046974778175353,Bearish,STRONG SELL
2024-12-06 00:00:00-05:00,241.1599112680226,242.86752040520184,240.33588934668637,241.0904083251953,36870600,0.0,0.0,230.7638442993164,228.57858520507813,95.83752584615044,3.910958293669779,2.4411975121389364,244.33058035785743,217.19710824077535,3.306716684926747,-0.0790155343346513,-0.0008229245675456,1,1,0.57210046,-0.24046974778175353,Bearish,BUY
2024-12-09 00:00:00-05:00,240.08769312504631,245.4587194212017,240.00826768189097,244.9722442626953,44649200,0.0,0.0,231.7462158203125,228.9600244140625,96.01957021357906,4.342141762653199,2.821386362241789,246.4521906583228,217.04024098230215,3.3599022232541507,0.2109702581460568,0.0161011628976295,1,1,0.69638944,-0.24046974778175353,Bearish,BUY
2024-12-10 00:00:00-05:00,245.11122909402775,246.42172615122828,243.5723933612922,245.98489379882812,36914800,0.0,0.0,232.91473541259765,229.25838043212892,96.16286858390971,4.7112616314040565,3.1993614160742427,248.26540861826737,217.56406220692796,3.3152271634122292,-0.1732259480573,0.0041337317179774,0,0,0.52125305,-0.24046974778175353,Bearish,STRONG SELL
2024-12-11 00:00:00-05:00,246.17353693536344,248.99307203962232,244.48577275361333,244.7141265869141,45205800,0.0,0.0,234.01971664428712,229.66599456787108,90.35530690754756,4.845396775128478,3.52856848788509,249.43000848678255,218.60942480179168,3.3506852441102217,0.2245982641108714,-0.0051660376061682,1,1,0.722659,-0.24046974778175353,Bearish,BUY
2024-12-12 00:00:00-05:00,245.11120954102955,246.9478867446912,243.90992066775823,246.1735076904297,32777500,0.0,0.0,235.1534881591797,230.0914910888672,92.89489320024852,5.011688080889542,3.825192406485981,250.64078133422953,219.66619498412985,3.2521159672695745,-0.274927111122909,0.0059636160930713,1,1,0.6942247,-0.24046974778175353,Bearish,BUY
2024-12-13 00:00:00-05:00,246.0345362986312,247.4939314395242,244.46591792091505,246.34230041503903,33155300,0.0,0.0,236.1418159484863,230.5423797607422,92.50458830474214,5.098324984165316,4.079818922021848,251.84560822410964,220.43802367286304,3.2797712921245994,0.011526199374571,0.0006856656761848,1,1,0.72449404,-0.24046974778175353,Bearish,BUY
2024-12-16 00:00:00-05:00,246.2032795762443,249.5688545954195,245.86571770543415,249.23129272460935,51694800,0.0,0.0,237.43443450927737,231.02863555908203,92.47303329127494,5.338563255197073,4.331567788656893,252.9699209440951,221.8989480744596,3.295373501954791,0.5591715351693394,0.0117275526968081,1,1,0.7551956,-0.24046974778175353,Bearish,BUY
2024-12-17 00:00:00-05:00,248.27824960945253,252.00123197197036,247.98040799068028,251.65374755859375,51356400,0.0,0.0,238.6982635498047,231.66469207763672,92.56000068182593,5.659190055380861,4.597092242001687,254.55551675003977,222.84101034956964,3.391106633519791,-0.0065461129552681,0.0097197057700979,0,0,0.6185403,-0.24046974778175353,Bearish,STRONG SELL
2024-12-18 00:00:00-05:00,250.343283238806,252.4480045680384,245.9551295369763,246.2628936767578,56774100,0.0,0.0,239.67964248657228,232.11200897216796,74.3505176518511,5.415861568593442,4.760846107320038,254.80609949683537,224.5531854763092,3.72156486453211,0.1054922073977147,-0.0214217111174979,1,1,0.64984274,-0.24046974778175353,Bearish,BUY
2024-12-19 00:00:00-05:00,245.71681628677703,250.18439476471843,245.30976661195103,247.9903106689453,60882300,0.0,0.0,240.71165237426757,232.51909973144532,73.70627742895374,5.301300017711213,4.868936889398273,255.09435471175783,226.3289500367773,3.7974432911765086,0.0723604601393945,0.0070145240575907,1,1,0.6483682,-0.24046974778175353,Bearish,BUY
2024-12-20 00:00:00-05:00,246.25292226826556,253.16278373693368,243.9198625662762,252.65646362304688,147495300,0.0,0.0,242.00079650878905,233.02943054199216,75.94016789849671,5.523358867145362,4.999821284947691,255.76989649516472,228.23169652241336,4.200235051082688,1.422630222577005,0.0188158680132088,1,1,0.7695989,-0.24046974778175353,Bearish,BUY
2024-12-23 00:00:00-05:00,252.9344647729303,253.80811434244583,251.6239676953758,253.4308624267578,40858800,0.0,0.0,243.26164779663085,233.5848016357422,73.86541989578464,5.696167740734268,5.139090576105007,256.3146955912014,230.2086000020603,4.08251762912637,-0.7229823594378939,0.0030650266872502,1,1,0.7326169,-0.24046974778175353,Bearish,BUY
2024-12-24 00:00:00-05:00,253.64927033575188,256.34965954757746,253.45069916161225,256.3397521972656,23234700,0.0,0.0,244.51902389526367,234.1239727783203,76.1806899927841,5.9986939026950665,5.311011241423019,257.52154066033,231.5165071301973,4.088189192941464,-0.4313415959352698,0.0114780407668324,1,1,0.7137823,-0.24046974778175353,Bearish,BUY
2024-12-26 00:00:00-05:00,256.32980188696064,258.2260444048055,255.77383898408215,257.15380859375,27237100,0.0,0.0,245.70839157104493,234.62884826660155,76.81211369769188,6.232293612182218,5.495267715574859,258.767181185021,232.64960195706885,4.092444920263491,0.1722595944858336,0.0031756931553008,0,0,0.8178402,-0.24046974778175353,Bearish,STRONG SELL
2024-12-27 00:00:00-05:00,255.9723714358678,256.8361287043752,251.2367492695516,253.74851989746097,42355300,0.0,0.0,246.73394927978515,235.1066751098633,69.30064977487748,6.072643077037355,5.610742787867359,258.857078456171,234.6108201033993,4.334261224955128,0.555059092194103,-0.0132422254016416,0,0,0.85562766,-0.24046974778175353,Bearish,STRONG SELL
2024-12-30 00:00:00-05:00,250.4127477342041,251.67360197393796,248.9434149702759,250.38296508789065,35557500,0.0,0.0,247.47209243774415,235.50985168457032,58.38204779935108,5.609879532476214,5.61057013678913,258.493691775999,236.45049309948928,4.288165024089005,-0.1604946724494927,-0.0132633475494963,0,0,0.7216134,-0.24046974778175353,Bearish,STRONG SELL
2024-12-31 00:00:00-05:00,250.6212343300531,251.4551787009883,247.63291094425557,248.61578369140625,39480700,0.0,0.0,248.0096908569336,235.82115814208984,53.982554352495946,5.042413515422737,5.496938812515852,258.06446867844636,237.9549130354208,4.357660378860197,0.1103339661112283,-0.0070579138475497,0,0,0.64765114,-0.24046974778175353,Bearish,STRONG SELL
2025-01-02 00:00:00-05:00,247.13651085819407,247.3052993793268,240.0777512722144,242.09312438964844,55740700,0.0,0.0,248.0692581176758,235.97265655517575,46.576723874725275,4.020028133084793,5.20155667662964,257.9595035092325,238.17901272611908,4.6455698883732595,0.4118468010952187,-0.0262359018599319,0,0,0.6074406,-0.24046974778175353,Bearish,STRONG SELL
2025-01-03 00:00:00-05:00,241.6066741943359,242.42075849453863,240.147263834766,241.6066741943359,40244100,0.0,0.0,248.0866325378418,236.1267233276367,43.87973949446483,3.134396514440851,4.788124644191883,257.92760381545236,238.2456612602313,4.590964787147523,-0.2780122962216118,-0.0020093515523784,1,1,0.792426,-0.24046974778175353,Bearish,BUY
2025-01-06 00:00:00-05:00,242.549801627174,245.54804748087855,241.4477983095151,243.23483276367188,45045600,0.0,0.0,248.1839256286621,236.4145068359375,45.99227860621325,2.5346875650293157,4.33743722835937,257.777287791613,238.59056346571128,4.6675530480585445,0.1193094142992388,0.0067388807646362,0,0,0.6299272,-0.24046974778175353,Bearish,STRONG SELL
2025-01-07 00:00:00-05:00,241.2293767098772,243.78086767976055,239.6111308132576,240.4649353027344,40856000,0.0,0.0,248.15265197753905,236.65066040039065,38.659132829673794,1.8149843164408992,3.832946645975676,257.84692702866175,238.4583769264164,4.7008816178098005,-0.0930079741417585,-0.0113877499758792,1,1,0.627817,-0.24046974778175353,Bearish,BUY
2025-01-08 00:00:00-05:00,240.17703689438372,241.9541489627904,238.3205145330558,240.951416015625,37628900,0.0,0.0,247.95161056518555,236.87988342285155,35.42450454104899,1.2692382461655711,3.3202049660136552,258.0806158657469,237.82260526462423,4.673225221270125,-0.0789871744664186,0.0020230837908994,0,0,0.74413097,-0.24046974778175353,Bearish,STRONG SELL
2025-01-10 00:00:00-05:00,238.28077607985776,238.42970445265777,231.32128701842691,235.1435546875,61710900,0.0,0.0,247.4095436096191,236.95347961425784,35.02665632714317,0.363889985487873,2.728941969908499,259.0319914325974,235.7870957866409,4.89731479027984,0.6399868186420543,-0.0241038688386391,0,0,0.5770195,-0.24046974778175353,Bearish,STRONG SELL
2025-01-13 00:00:00-05:00,231.84746989306117,232.9792558543989,228.06492247356016,232.7111968994141,49630700,0.0,0.0,246.80939712524415,236.9730731201172,29.80843529952652,-0.5436095862919785,2.0744316586684035,260.1329714099689,233.48582284051935,5.054743651792157,-0.1957547208029699,-0.0103441397376103,0,0,0.6037126,-0.24046974778175353,Bearish,STRONG SELL
2025-01-14 00:00:00-05:00,233.05869925952223,234.41882398797216,230.79512716232853,231.5992889404297,39435300,0.0,0.0,246.0806861877441,237.04123596191403,19.287525554726173,-1.3371177536591006,1.3921217762029028,261.0440195743547,231.1173528011336,4.653370484291169,-0.20542527105199,-0.0047780595596566,1,1,0.5282204,-0.24046974778175353,Bearish,BUY
2025-01-15 00:00:00-05:00,232.94949481929564,237.2383779015073,232.74100113522096,236.15621948242188,39832000,0.0,0.0,245.57138214111328,237.283642578125,27.308230251577346,-1.5800585509113318,0.7976857107800559,261.1768479772766,229.96591630494996,4.900152078148851,0.0100595152059195,0.0196759263072017,0,0,0.61473894,-0.24046974778175353,Bearish,STRONG SELL
2025-01-16 00:00:00-05:00,235.63995285298608,236.29518618874627,226.38709407905125,226.6154327392578,71759100,0.0,0.0,244.4405891418457,237.3947360229492,16.74802648805857,-2.513478818288291,0.1354528049663864,262.07506133295357,226.8061169507378,5.3993874344970925,0.8015439847358907,-0.040400319602314,1,1,0.70330834,-0.24046974778175353,Bearish,BUY
2025-01-17 00:00:00-05:00,230.44764042021455,230.6164138035219,226.833866130533,228.32305908203125,68488300,0.0,0.0,243.27405471801757,237.55783264160155,18.37980674291184,-3.0799264554901526,-0.5076230471249215,261.9550806369572,224.59302879907796,5.510014266178574,-0.0455802818039802,0.0075353488601026,0,0,0.7073504,-0.24046974778175353,Bearish,STRONG SELL
2025-01-21 00:00:00-05:00,222.38613659782595,222.8031087860845,217.79942737812888,221.0359344482422,98070400,0.0,0.0,242.0127067565918,237.54662506103512,16.937599664418144,-4.069934672454963,-1.2200853721909295,263.0961965595547,220.92921695362892,5.839055150443144,0.4319292492294304,-0.0319158505631749,1,1,0.68214315,-0.24046974778175353,Bearish,BUY
2025-01-22 00:00:00-05:00,218.2064601780486,222.5052654056773,218.2064601780486,222.2173614501953,64126500,0.0,0.0,240.72405929565429,237.5735250854492,20.2183549419795,-4.704956224935927,-1.9170595427399293,263.36241067455927,218.08570791674927,5.802890886189123,-0.3461176868861553,0.0053449544523258,0,0,0.5940495,-0.24046974778175353,Bearish,STRONG SELL
2025-01-23 00:00:00-05:00,223.12085064421797,225.39434551599345,220.6984273684604,222.0486297607422,60234800,0.0,0.0,239.19366760253905,237.50264038085936,20.92571224369496,-5.162322576323987,-2.566112149456741,262.5621053724485,215.8252298326296,5.865294485532,-0.0606878591533921,-0.0007593092112694,0,0,0.54807746,-0.24046974778175353,Bearish,STRONG SELL
2025-01-24 00:00:00-05:00,223.160517277336,224.00439930767484,219.81480209957203,221.1749267578125,54697900,0.0,0.0,237.5808708190918,237.41964263916017,23.878011832966536,-5.531525255550349,-3.159194770675463,261.26232473939257,213.899416898791,5.55469197045421,-0.0919219454534587,-0.003934737196402,1,1,0.6363515,-0.24046974778175353,Bearish,BUY
2025-01-27 00:00:00-05:00,222.40601266103107,230.47742834163907,222.36629236472388,228.2039337158203,94863400,0.0,0.0,236.17407989501953,237.53143127441408,35.61382050171679,-5.197030785296278,-3.566761973599626,258.4654687858898,213.8826910041492,6.056763893600918,0.7343152113700893,0.0317803064797874,1,1,0.805203,-0.24046974778175353,Bearish,BUY
2025-01-28 00:00:00-05:00,229.1868093297106,238.45951413038736,229.1470890329199,236.5434112548828,75707600,0.0,0.0,235.14356002807617,237.8100094604492,43.722082292689954,-4.210479578587439,-3.695505494597189,255.13856758499983,215.1485524711525,6.496430410972603,-0.2019303545940795,0.0365439692614919,1,1,0.68765104,-0.24046974778175353,Bearish,BUY
2025-01-29 00:00:00-05:00,232.43322998057815,238.13188043636077,232.32402189200351,237.6354827880859,45486100,0.0,0.0,234.33790817260743,238.0927575683594,47.259105447082824,-3.3024411082485017,-3.6168926173274514,252.3795862557386,216.29623008947627,6.613439102247909,-0.3991871357697245,0.0046167911733816,0,0,0.6476885,-0.24046974778175353,Bearish,STRONG SELL
2025-01-30 00:00:00-05:00,236.9504709477128,239.0551923005359,235.50099817981376,235.8782501220703,55658300,0.0,0.0,233.6126724243164,238.27880767822265,45.20370010787797,-2.6935584041808056,-3.4322257746981224,250.03181829194975,217.19352655668305,6.607764794461303,0.2236331538645872,-0.0073946560732374,0,0,0.6581807,-0.24046974778175353,Bearish,STRONG SELL
2025-01-31 00:00:00-05:00,245.40906406001392,245.40906406001392,231.75812916176676,234.2996826171875,100959800,0.0,0.0,232.89686737060543,238.49722290039065,49.13283504485411,-2.3117433412217565,-3.2081292880028496,247.7340593674726,218.05967537373832,6.894965215964809,0.8139217331467186,-0.0066922978446121,0,0,0.6317072,-0.24046974778175353,Bearish,STRONG SELL
2025-02-03 00:00:00-05:00,228.33299411580023,230.15973381299625,224.0738938399255,226.36724853515625,73063300,0.0,0.0,232.11057357788087,238.4970245361328,44.14300546455786,-2.6190425965444035,-3.0903119497111606,246.5573935563429,217.66375359941884,7.119762113344963,-0.2763129483220053,-0.0338559318280926,1,1,0.8040054,-0.24046974778175353,Bearish,BUY
2025-02-04 00:00:00-05:00,225.61272492539547,231.4503659559167,225.0170417043348,231.12274169921875,45067300,0.0,0.0,231.586376953125,238.58677307128903,49.5877662769029,-2.450601902053819,-2.962369940179693,245.32590600697452,217.8468478992755,7.32044978662627,-0.3831745897050913,0.0210078675021927,0,1,0.5192302,-0.24046974778175353,Bearish,BUY
2025-02-05 00:00:00-05:00,226.88350440739825,230.99367626573292,226.625383087866,230.7951202392578,39620300,0.0,0.0,230.9643913269043,238.65567321777343,44.99629576777583,-2.3168406550047393,-2.833264083144702,243.5624853388441,218.36629731496447,7.238897618788779,-0.1208636860872517,-0.0014175215193116,1,1,0.57421714,-0.24046974778175353,Bearish,BUY
2025-02-06 00:00:00-05:00,229.62361584180033,232.1155417136993,228.7698112868805,231.5397186279297,29925300,0.0,0.0,230.51813049316405,238.74899597167968,55.49890913998246,-2.12624105260781,-2.691859477037324,242.30545250960867,218.73080847671943,6.770157498583332,-0.2446977938077198,0.0032262310741231,0,0,0.60918665,-0.24046974778175353,Bearish,STRONG SELL
2025-02-07 00:00:00-05:00,230.9241838961893,232.31409120281864,225.6226456863809,225.989990234375,39707200,0.0,0.0,229.77005920410156,238.7045190429687,47.60057347706249,-2.395393588647522,-2.6325662993593637,240.6321415464484,218.9079768617547,6.962333530881446,0.3268772577050187,-0.0239687964831328,1,1,0.6559303,-0.24046974778175353,Bearish,BUY
2025-02-10 00:00:00-05:00,228.16660736242451,229.1803610121675,225.81108525741095,226.25833129882812,33115600,0.25,0.0,229.32579803466797,238.60584106445313,56.27715552262402,-2.5575640252618825,-2.6175658445398677,239.9874694282148,218.66412664112116,6.4513081059424575,-0.1660051577547648,0.0011874024339522,1,1,0.63205594,-0.24046974778175353,Bearish,BUY
2025-02-11 00:00:00-05:00,226.80497424991785,233.79199753404615,226.7354100570617,231.1979522705078,53718400,0.0,0.0,229.25013580322263,238.5624710083008,59.89997618160116,-2.2614307681703565,-2.5463388292659657,239.83182719959095,218.66844440685435,6.682369606484552,0.622147869886096,0.0218317749597283,1,1,0.8662447,-0.24046974778175353,Bearish,BUY
2025-02-12 00:00:00-05:00,229.78661520122571,235.51141262786788,229.2697898412075,235.4219512939453,45243300,0.0,0.0,229.44126892089844,238.60616271972657,63.532491852100726,-1.6666890546971445,-2.3704088743522016,240.33511135793267,218.5474264838642,6.792777080707929,-0.1577690325847381,0.0182700537870479,1,1,0.7097416,-0.24046974778175353,Bearish,BUY
2025-02-13 00:00:00-05:00,235.46174477414044,240.85854326211725,234.12993999243653,240.05349731445312,53614100,0.0,0.0,229.6361328125,238.6948306274414,67.75311576992263,-0.8122616586910283,-2.058779431219967,241.15709271551037,218.1151729094896,6.974134656534923,0.1850174500975834,0.0196733821763499,1,1,0.5385969,-0.24046974778175353,Bearish,BUY
2025-02-14 00:00:00-05:00,239.77519417214083,244.04891051069433,239.51678905976664,243.1047210693359,40896200,0.0,0.0,230.4605972290039,238.79964874267577,65.14555294859181,0.1098205227139885,-1.6250594404331762,243.35011043185096,217.57108402615685,6.633393218470717,-0.2372118528521415,0.012710599049869,0,0,0.69649315,-0.24046974778175353,Bearish,STRONG SELL
2025-02-18 00:00:00-05:00,242.6574585849239,243.6811607859394,240.36158248040348,242.9755096435547,48822500,0.0,0.0,231.19321975708007,238.84112335205077,57.8475271206534,0.8206906021261204,-1.135909431921317,245.1893253313684,217.19711418279172,6.137964496397065,0.1938150732830923,-0.0005315052098243,1,1,0.5179648,-0.24046974778175353,Bearish,BUY
2025-02-19 00:00:00-05:00,243.16435439309657,244.50609250836237,241.6735241546838,243.37306213378903,32204200,0.0,0.0,232.31007614135743,238.88340087890623,57.120851734298896,1.400001084053116,-0.6287273287264304,246.45751678946573,218.16263549324913,5.925443768491446,-0.3403819960059399,0.0016361833783888,1,1,0.6009667,-0.24046974778175353,Bearish,BUY
2025-02-20 00:00:00-05:00,243.4426355672204,245.27138364211797,242.7966000469895,244.3271942138672,32316900,0.0,0.0,233.41556777954105,238.9441653442383,60.69918087143902,1.914035489853404,-0.1201747650104635,247.69708964246345,219.13404591661865,5.848343016663326,0.0034995435377993,0.0039204506518211,0,0,0.70862293,-0.24046974778175353,Bearish,STRONG SELL
2025-02-21 00:00:00-05:00,244.44643778526165,247.16969288030828,243.72090471996572,244.04888916015625,53197400,0.0,0.0,234.5155807495117,239.0033349609375,62.76615300266063,2.2727556554709736,0.3584113190858239,248.49660954912017,220.5345519499033,5.11961824967014,0.646117047117762,-0.0011390670392069,1,1,0.7142877,-0.24046974778175353,Bearish,BUY
2025-02-24 00:00:00-05:00,243.43269920852308,247.33868242018207,242.92582237394555,245.5894470214844,51326400,0.0,0.0,235.7363067626953,239.01567901611327,80.23125332370859,2.650797373534033,0.8168885299754657,249.0608592106079,222.4117543147827,4.70440905459689,-0.035170891810502,0.006312496920718,0,0,0.7599901,-0.24046974778175353,Bearish,STRONG SELL
2025-02-25 00:00:00-05:00,246.48393846255715,248.47171215983585,243.41283173998391,245.52980041503903,48013300,0.0,0.0,236.60260009765625,239.0065771484375,76.58513016051074,2.912017253855226,1.2359142747514176,250.1167186919563,223.0884815033562,4.606234495187603,-0.0645496274821534,-0.0002428712111562,0,0,0.622455,-0.24046974778175353,Bearish,STRONG SELL
2025-02-26 00:00:00-05:00,242.83637220684057,243.48239258336395,237.66816369812489,238.89064025878903,44433600,0.0,0.0,236.71996154785157,238.890107421875,62.116276499245,2.553871708835004,1.499505761568135,250.27262923489923,223.1672938608039,4.846540074156276,-0.0745564249905755,-0.0270401399138813,0,0,0.5178423,-0.24046974778175353,Bearish,STRONG SELL
2025-02-27 00:00:00-05:00,237.94643641845556,240.97779411500133,235.61079643123784,235.84933471679688,41153600,0.0,0.0,236.63065414428712,238.68362396240235,56.035144806294575,2.001558127947021,1.5999162348439124,250.18145992735748,223.07984836121676,4.990916306795185,-0.0738180115948291,-0.0127309531202124,1,1,0.5099253,-0.24046974778175353,Bearish,BUY
2025-02-28 00:00:00-05:00,235.5014815283524,240.61005923211764,228.7927454203557,240.3615875244141,56833400,0.0,0.0,236.8548210144043,238.56400970458984,70.72815279716293,1.9059758241216684,1.6611281526994637,250.5012150927409,223.20842693606775,5.357049756461204,0.3810067649002759,0.0191319293439407,0,0,0.59677327,-0.24046974778175353,Bearish,STRONG SELL
2025-03-03 00:00:00-05:00,240.31189930334125,242.53821134874983,234.66662916873,236.57489013671875,47184000,0.0,0.0,236.96858139038085,238.310881652832,63.50857900040999,1.5072961554494952,1.63036175324947,250.56312471888688,223.3740380618748,5.67864307255144,-0.1697839650627975,-0.0157541703177122,0,0,0.60489607,-0.24046974778175353,Bearish,STRONG SELL
2025-03-04 00:00:00-05:00,236.2568492158015,238.60242278275777,233.2453581153048,234.4877166748047,53798100,0.0,0.0,237.37460479736328,237.96756103515625,54.65540204390456,1.0112649576140882,1.506542394122394,250.0928012167076,224.65640837801897,5.52317153199679,0.1401767548321464,-0.0088224640438715,0,0,0.66248983,-0.24046974778175353,Bearish,STRONG SELL
2025-03-05 00:00:00-05:00,233.98083809185871,235.1039350742086,227.82867612475383,234.29888916015625,47227600,0.0,0.0,237.53341217041017,237.7282809448242,48.20583301115147,0.5960489757184746,1.32444371044161,249.9997399512613,225.067084389559,5.597002686482107,-0.1221325660199895,-0.0008052767851814,0,0,0.6881436,-0.24046974778175353,Bearish,STRONG SELL
2025-03-06 00:00:00-05:00,233.00684447444675,236.4059358119138,231.73467047090975,233.8914031982422,45170400,0.0,0.0,237.68822631835937,237.44630279541016,38.619707815685246,0.2314387254114649,1.105842713435581,249.87600805520776,225.50044458151095,5.450049977290917,-0.0435592746614268,-0.0017391715486774,1,0,0.66746956,-0.24046974778175353,Bearish,STRONG SELL
2025-03-07 00:00:00-05:00,233.67273718007357,239.89446338205195,233.3248707174565,237.60853576660156,46273600,0.0,0.0,237.99166717529295,237.14534423828124,40.093193804828786,0.2396613413031616,0.9326064390090972,249.83214448697927,226.15118986360667,5.595583635410045,0.0244230735171704,0.0158925574755255,0,0,0.7095822,-0.24046974778175353,Bearish,STRONG SELL
2025-03-10 00:00:00-04:00,234.10011191080184,234.71633209649937,222.84932017741133,226.08938598632812,72071200,0.0,0.0,237.99663696289065,236.59851470947265,28.4227044088188,-0.6755341568240567,0.6109783198424664,249.8159685250026,226.17730540077864,6.412700584242496,0.5575014695204177,-0.0484795284946685,0,0,0.7563614,-0.24046974778175353,Bearish,STRONG SELL
2025-03-11 00:00:00-04:00,222.4418047589131,224.4593937721428,216.1206840338927,219.48995971679688,76137400,0.0,0.0,237.65821838378903,235.86151885986328,23.65713408614228,-1.9113192306262192,0.1065188097487292,251.16048005294655,224.15595671463157,6.922424412725129,0.0564192076724128,-0.0291894563769142,0,0,0.70062554,-0.24046974778175353,Bearish,STRONG SELL
2025-03-12 00:00:00-04:00,218.79423505763873,220.39439337943787,213.59621144659917,215.6535491943359,62547500,0.0,0.0,236.8809982299805,235.031513671875,20.263902963615152,-3.1637839400336247,-0.5475417402077415,253.40126704326127,220.36072941669968,7.231238579704432,-0.1784917793357797,-0.0174787517725684,0,0,0.62340236,-0.24046974778175353,Bearish,STRONG SELL
2025-03-13 00:00:00-04:00,214.62986833256545,215.51442704761877,207.14590135231947,208.398193359375,61368300,0.0,0.0,235.52981033325196,234.12450714111327,17.70219271932031,-4.6877800161185235,-1.375589395389898,256.40030710483256,214.65931356167135,7.592585699823998,-0.0188528718174187,-0.0336435725823496,1,1,0.5972483,-0.24046974778175353,Bearish,BUY
2025-03-14 00:00:00-04:00,209.95857893569573,212.64207016591416,208.29878985935505,212.1848907470703,60107600,0.0,0.0,234.1363800048828,233.36054565429689,20.92055811462437,-5.526299315273548,-2.205731379366628,257.3274959698183,210.94526403994735,7.587615718418468,-0.0205431794591018,0.0181704904762072,1,1,0.55308384,-0.24046974778175353,Bearish,BUY
2025-03-17 00:00:00-04:00,212.0059881512876,213.904315554563,208.6864099217596,212.6917724609375,48073400,0.0,0.0,232.6157325744629,232.6420654296875,21.63460334473622,-6.0798461016503325,-2.980554323823369,257.2728550116146,207.9586101373112,7.598974662200717,-0.200210955020663,0.0023888680861419,0,0,0.66094583,-0.24046974778175353,Bearish,STRONG SELL
2025-03-18 00:00:00-04:00,212.85080057479257,213.83473880015984,210.19712464056028,211.38978576660156,42432400,0.0,0.0,231.03644638061525,232.02799865722656,23.832028634267857,-6.54811279477974,-3.694066018014644,256.9155497247608,205.15734303646968,7.297258765249674,-0.1173413987777024,-0.0061214718334958,1,1,0.6605447,-0.24046974778175353,Bearish,BUY
2025-03-19 00:00:00-04:00,212.9104103953393,217.4226493470456,212.44328243242276,213.92417907714844,54385400,0.0,0.0,229.5640022277832,231.4743487548828,28.93427181178043,-6.638192215680476,-4.282891257547811,255.83579506773447,203.29220938783192,7.34482061501257,0.2816951197669706,0.0119891947539279,0,0,0.65541494,-0.24046974778175353,Bearish,STRONG SELL
2025-03-20 00:00:00-04:00,212.6818705610596,216.16047483161037,210.92268644075224,212.79119873046875,48862900,0.0,0.0,227.9872024536133,230.86547607421875,21.67072590616368,-6.723498545002428,-4.771012715038735,254.3136265190805,201.66077838814613,6.874854513519442,-0.1015437966807267,-0.0052961771388688,1,1,0.71220726,-0.24046974778175353,Bearish,BUY
2025-03-21 00:00:00-04:00,210.2666968536003,217.5021918152461,209.9884097524224,216.93568420410156,94127800,0.0,0.0,226.63154220581055,230.3948910522461,29.96751097053388,-6.383098696346622,-5.093429911300312,252.25856269494943,201.00452171667163,6.849297362291147,0.926365401971639,0.0194767711181627,1,1,0.76193887,-0.24046974778175353,Bearish,BUY
2025-03-24 00:00:00-04:00,219.64898417718916,220.1260455978378,217.24377992596973,219.3806304931641,44299500,0.0,0.0,225.32110137939452,229.96347534179688,34.702044181616586,-5.8486233423309955,-5.244468597506449,249.50619166872568,201.13601109006336,6.694532842739952,-0.5293685818642314,0.0112703739729707,1,1,0.6021904,-0.24046974778175353,Bearish,BUY
2025-03-25 00:00:00-04:00,219.4204082670252,222.73005335992565,218.73462390108503,222.38218688964844,34493600,0.0,0.0,224.163720703125,229.70824798583985,38.58310398856692,-5.123783471034187,-5.220331572211997,246.4150053000265,201.91243610622348,6.4602593076960835,-0.2213546428289258,0.0136819571980302,0,0,0.5712712,-0.24046974778175353,Bearish,STRONG SELL
2025-03-26 00:00:00-04:00,222.14365782695532,223.6444367672013,219.1222482929388,220.17576599121097,34466100,0.0,0.0,223.22797698974608,229.4575393676758,37.29747161366433,-4.673509074069756,-5.1109670725835485,244.4204667803903,202.03548719910185,6.449610960071687,-0.0007972493448059,-0.0099217519590828,1,1,0.6678321,-0.24046974778175353,Bearish,BUY
2025-03-27 00:00:00-04:00,220.03661426059983,223.61461307047793,219.21168633594712,222.48158264160156,37094800,0.0,0.0,222.55958938598633,229.2751852416992,35.61434200880298,-4.083530835686759,-4.905479825204191,242.90218822437276,202.2169905475999,6.294849107924209,0.076269145624251,0.0104726178197225,0,0,0.58744276,-0.24046974778175353,Bearish,STRONG SELL
2025-03-28 00:00:00-04:00,220.31488968867507,222.44180687800483,216.34927581514728,216.56793212890625,39818600,0.0,0.0,221.36990661621093,228.8834194946289,39.864541765368585,-4.046505409639451,-4.7336849420912435,240.04346361807828,202.69634961434355,5.678641339157356,0.0734280815639927,-0.0265804047349919,1,1,0.7248325,-0.24046974778175353,Bearish,BUY
2025-03-31 00:00:00-04:00,215.683368745432,224.24073468961828,214.908138255618,220.77207946777344,65299300,0.0,0.0,220.57976608276368,228.7665524291992,51.438136592596145,-3.6360092863065745,-4.51414981093431,237.8272687543056,203.3322634112218,5.633205230697704,0.6399195350916407,0.0194126032304948,1,1,0.8737326,-0.24046974778175353,Bearish,BUY
2025-04-01 00:00:00-04:00,218.46624988397505,222.31258685550372,217.5618092777705,221.8255920410156,36412700,0.0,0.0,219.94665985107423,228.6366030883789,57.38409272217121,-3.188918622168245,-4.249103573181097,235.9276826597784,203.96563704237008,5.486962062475887,-0.4423722765787689,0.0047719465966074,1,1,0.63739055,-0.24046974778175353,Bearish,BUY
2025-04-02 00:00:00-04:00,219.96705040499884,223.81338775742097,219.66888130946384,222.52133178710935,35905900,0.0,0.0,219.35778198242187,228.66631103515624,70.04236385274598,-2.746792354312589,-3.948641329407396,233.91672992093424,204.7988340439095,5.175309105757362,-0.0139182208405309,0.003136426864422,0,0,0.6317662,-0.24046974778175353,Bearish,STRONG SELL
2025-04-03 00:00:00-04:00,204.2834701562562,206.22156139646,200.01970279192503,201.9478454589844,103419000,0.0,0.0,217.76060409545897,228.260920715332,40.16047246510381,-4.0102844457939,-3.960969952684697,232.61203878897985,202.9091694019381,6.472334012087734,1.8802787285655005,-0.0924562430167731,0,0,0.59571505,-0.24046974778175353,Bearish,STRONG SELL
2025-04-04 00:00:00-04:00,192.70471987275084,198.65810753704545,186.19475800144227,187.22840881347656,125910900,0.0,0.0,215.24159774780273,227.56451629638673,30.77730654420789,-6.128698729122675,-4.3945157079722925,232.76782460141123,197.71537089419425,7.224846999569071,0.2174832477591157,-0.0728873170795839,0,0,0.5741277,-0.24046974778175353,Bearish,STRONG SELL
2025-04-07 00:00:00-04:00,176.11674047268428,192.96311894309864,173.55251067175698,180.3507080078125,160466300,0.0,0.0,212.95466384887695,226.7480319213867,28.387533688183268,-8.267230796238096,-5.169058725625454,235.68488637173633,190.22444132601757,8.35148943612208,0.274443276952194,-0.0367342800659907,0,0,0.5894831,-0.24046974778175353,Bearish,STRONG SELL
2025-04-08 00:00:00-04:00,185.5586531084637,189.17640027021665,168.17558356470508,171.36595153808594,120859500,0.0,0.0,210.5484634399414,225.61127227783203,22.809245435249625,-10.565238136477802,-6.248294607795924,239.65901214162824,181.43791473825456,9.420628945055476,-0.246823164739263,-0.0498182489493601,1,1,0.7090514,-0.24046974778175353,Bearish,BUY
2025-04-09 00:00:00-04:00,170.8988481608281,199.38365014436008,170.8392173737498,197.63441467285156,184395900,0.0,0.0,209.6475067138672,224.8330923461914,42.67038388367714,-10.149779726923867,-7.028591631621514,239.204732250254,180.0902811774804,11.085389257894914,0.5257046405123305,0.1532886953271315,0,0,0.5627084,-0.24046974778175353,Bearish,STRONG SELL
2025-04-10 00:00:00-04:00,187.9141974958541,193.5892830219747,181.88129692496375,189.2559356689453,121880000,0.0,0.0,208.6903938293457,223.8655014038086,37.14102300186177,-10.376979814030278,-7.698269268103267,239.6255538496544,177.755233809037,11.673913235399493,-0.3390308569767549,-0.0423938260842643,1,1,0.75074506,-0.24046974778175353,Bearish,BUY
2025-04-11 00:00:00-04:00,184.96235041538483,198.32017705332044,184.92258644836303,196.9386749267578,87435900,0.0,0.0,207.92808303833007,223.08670989990233,40.05813340399471,-9.823861311122556,-8.123387676707125,239.2496533076827,176.60651276897744,12.403001036201005,-0.2826066622907778,0.0405944428144726,1,1,0.6122129,-0.24046974778175353,Bearish,BUY
2025-04-14 00:00:00-04:00,210.14743595954587,211.638266220138,199.9302804535287,201.2819671630859,101352900,0.0,0.0,207.3575927734375,222.42635559082032,40.76234329390363,-8.932080068497783,-8.285126155065257,238.72942917463232,175.98575637224263,13.167584024382398,0.1591680305229317,0.0220540340181705,0,0,0.58141774,-0.24046974778175353,Bearish,STRONG SELL
2025-04-15 00:00:00-04:00,200.6259945192588,202.26590170954893,198.57859009217825,200.90428161621097,51343900,0.0,0.0,206.833317565918,221.9170962524414,41.425666516041574,-8.16172973606669,-8.260446871265543,238.27181867125665,175.3948164605793,13.10794996317584,-0.4934145939583376,-0.0018764003164226,0,0,0.5450667,-0.24046974778175353,Bearish,STRONG SELL
2025-04-16 00:00:00-04:00,197.1474065096439,199.47309822086447,191.19401850640656,193.08241271972656,59732400,0.0,0.0,205.79122924804688,221.15628967285156,37.53162548386278,-8.08913449030814,-8.226184395074062,237.61935327857253,173.96310521752122,13.487045418552524,0.1633787071102896,-0.0389333110950146,1,1,0.623093,-0.24046974778175353,Bearish,BUY
2025-04-17 00:00:00-04:00,195.99447418061752,197.6145145196776,193.2314700862815,195.77581787109375,52164700,0.0,0.0,204.94046020507812,220.45590362548828,40.934307272529374,-7.725215473832037,-8.125990610825658,236.8901666025176,172.99075380763864,13.372745059516577,-0.1266933858341536,0.0139495105402316,0,0,0.587784,-0.24046974778175353,Bearish,STRONG SELL
2025-04-21 00:00:00-04:00,192.08851517151223,192.6152739871965,188.64966000796989,191.97918701171875,46742500,0.0,0.0,203.692635345459,219.66469299316407,37.40106815479231,-7.654922233479453,-8.031776935356417,235.6191649048041,171.76610578611388,13.215142304453977,-0.1039438547523516,-0.019392746768525,1,1,0.709019,-0.24046974778175353,Bearish,BUY
2025-04-22 00:00:00-04:00,194.92107095045932,200.35763286451953,194.7719939992729,198.5189514160156,52976400,0.0,0.0,202.64955139160156,219.11527221679688,40.26890627385113,-6.990922993162684,-7.823606146917671,233.77099080170396,171.52811198149917,13.474261466958795,0.133366850296839,0.034064965614724,1,1,0.7199801,-0.24046974778175353,Bearish,BUY
2025-04-23 00:00:00-04:00,204.74070932932477,206.7284832063085,201.56027415925303,203.34927368164065,52929200,0.0,0.0,201.69790573120116,218.6570910644531,42.26234449372999,-6.005702176931152,-7.460025352920368,231.41086259080924,171.98494887159308,13.76462041998278,-0.000890962768327,0.0243317941746659,1,1,0.87108773,-0.24046974778175353,Bearish,BUY
2025-04-24 00:00:00-04:00,203.6374995339798,207.5534166002877,201.6994229864575,207.09622192382812,47311000,0.0,0.0,201.04392852783204,218.17505645751953,52.40440158474837,-4.866462621510522,-6.941312806638399,229.59762991807867,172.4902271375854,12.575503607028915,-0.106145568041837,0.0184261697833927,1,1,0.9130337,-0.24046974778175353,Bearish,BUY
2025-04-25 00:00:00-04:00,205.1084114199,208.46775361357265,204.9394524859384,208.00062561035156,38222300,0.0,0.0,200.31988067626952,217.6266299438477,61.13834069710358,-3.8462915917402256,-6.322308563658765,227.27433959542185,173.36542175711722,11.702304583464066,-0.1921054300268436,0.0043670699451778,1,1,0.8241764,-0.24046974778175353,Bearish,BUY
2025-04-28 00:00:00-04:00,208.71623364812055,210.2070638884643,206.1917677806294,208.8553771972656,38743100,0.0,0.0,199.9342529296875,217.0026675415039,66.34001483482265,-2.934994600323165,-5.644845770991645,226.11966435179528,173.7488415075797,10.602639428927867,0.0136255536689315,0.0041093702694687,1,1,0.86302704,-0.24046974778175353,Bearish,BUY
2025-04-29 00:00:00-04:00,207.4142395090872,210.94254069563792,207.09618845243057,209.91883850097656,36827600,0.0,0.0,199.39159088134767,216.33894989013672,74.30757241949915,-2.1027337241268924,-4.9364233616186945,224.1708148023916,174.61236696030377,9.377320538763282,-0.0494410617632559,0.0050918550337657,1,1,0.7490729,-0.24046974778175353,Bearish,BUY
2025-04-30 00:00:00-04:00,208.02053835450616,212.2743732195052,205.40661086468023,211.2009735107422,52286500,0.0,0.0,198.860359954834,215.70345916748047,62.48857330195194,-1.324436128332252,-4.2140259149614065,222.0169445144821,175.7037753951859,7.828986937635755,0.4197639813618048,0.006107765357894,1,1,0.6519241,-0.24046974778175353,Bearish,BUY
2025-05-01 00:00:00-04:00,207.80187477964563,213.2483707428857,207.62296725165953,212.01596069335935,57365700,0.0,0.0,198.3350914001465,215.07631713867187,74.34102543599552,-0.6345522979329985,-3.498131191555725,219.63391910140012,177.03626369889287,7.105578776445638,0.0971417096191178,0.003858823039827,0,0,0.6904956,-0.24046974778175353,Bearish,STRONG SELL
2025-05-02 00:00:00-04:00,204.83013207172817,205.7246393133032,200.92416412992952,204.09466552734375,101010600,0.0,0.0,198.44243240356445,214.2716665649414,57.61422185161119,-0.718711848066647,-2.94224732285791,219.83933602753112,177.0455287795978,6.940879202050815,0.7608187470910317,-0.0373617870093858,0,0,0.6097398,-0.24046974778175353,Bearish,STRONG SELL
2025-05-05 00:00:00-04:00,201.85841873478097,202.85230555244996,196.99831280299983,197.6741485595703,69018500,0.0,0.0,198.9647193908691,213.3441717529297,46.323667519556984,-1.2886363608647855,-2.6115251304592846,219.7090822945949,178.22035648714336,6.39779073283394,-0.3167202254020865,-0.0314585241666359,0,0,0.7587784,-0.24046974778175353,Bearish,STRONG SELL
2025-05-06 00:00:00-04:00,196.9983091053983,199.42338015596505,195.81558138809015,197.2964630126953,51216500,0.0,0.0,199.81200714111327,212.3783120727539,46.323667519556984,-1.7506018619716883,-2.4393404767617657,218.65207945228016,180.9719348299464,6.392111243584239,-0.257930844628614,-0.0019106471414049,0,0,0.75622416,-0.24046974778175353,Bearish,STRONG SELL
2025-05-07 00:00:00-04:00,197.9524407308952,198.2207944248892,192.0686324392914,195.05029296875,68536700,0.0,0.0,200.9962242126465,211.36872192382813,52.26232255081267,-2.2717724220485707,-2.405826865819127,214.54110464627428,187.4513437790187,6.1379611632837685,0.3381761736940243,-0.0113847456241563,1,1,0.8084465,-0.24046974778175353,Bearish,BUY
2025-05-08 00:00:00-04:00,196.51130456752412,198.82706269335063,193.4898801219913,196.28271484375,50478900,0.0,0.0,200.92863922119145,210.51656341552737,50.60299661363492,-2.5558949343931374,-2.4358404795339292,214.55737848314087,187.29989995924197,6.19546693267008,-0.2634763564630337,0.0063184825628406,1,1,0.69349563,-0.24046974778175353,Bearish,BUY
2025-05-09 00:00:00-04:00,197.78348851905432,199.3140676367793,196.33240700583875,197.3163604736328,36453900,0.0,0.0,201.33166046142577,209.74590393066407,56.79574245356812,-2.6669149729129913,-2.4820553782097416,213.94598033597865,188.71734058687292,5.9029808562347545,-0.2778388594046225,0.0052661062422416,1,1,0.72724456,-0.24046974778175353,Bearish,BUY
2025-05-12 00:00:00-04:00,209.95528044040137,210.2538405413652,205.7555765269304,209.7761383056641,63775800,0.26,0.0,201.9735336303711,209.13419494628903,62.45580327370651,-1.7295618999911255,-2.3315566825660183,214.94796941664023,188.99909784410193,6.228626157301297,0.7494918239200743,0.0631461973154337,1,1,0.9005618,-0.24046974778175353,Bearish,BUY
2025-05-13 00:00:00-04:00,209.4178625594749,212.3735786127325,207.99474788922345,211.9058380126953,51909300,0.0,0.0,202.50472717285157,208.6408139038086,60.06941314504252,-0.8055677847479501,-2.026358903002405,216.20931724863593,188.8001370970672,5.955004652531023,-0.1860658745166662,0.0101522495562773,0,0,0.8051866,-0.24046974778175353,Bearish,STRONG SELL
2025-05-14 00:00:00-04:00,211.40822571910564,212.9109724892217,209.56713314477625,211.3087158203125,49325800,0.0,0.0,203.02494888305665,208.1772338867187,55.35421983972445,-0.120094190890029,-1.64510596057993,217.2536165797552,188.7962811863581,5.775707919003541,-0.0497695018041083,-0.0028178656991367,0,0,0.7835675,-0.24046974778175353,Bearish,STRONG SELL
2025-05-15 00:00:00-04:00,209.9353730316401,211.93571508448807,208.5321511825611,210.43296813964844,45029500,0.0,0.0,203.89247665405273,207.6999154663086,53.09384197234512,0.3484661510356091,-1.2463915382568225,217.67754723049055,190.10740607761488,5.766798117167306,-0.0871004626382137,-0.0041443992372219,0,0,0.7464709,-0.24046974778175353,Bearish,STRONG SELL
2025-05-16 00:00:00-04:00,211.33859654598928,211.54759317457453,208.76105751069144,210.2438812255859,54737900,0.0,0.0,204.61587982177736,207.22696502685548,51.79654396722364,0.6965168514107063,-0.8578098603233166,218.1232092836374,191.1085503599173,5.67902951402789,0.2156008838650218,-0.0008985612650629,0,0,0.7163714,-0.24046974778175353,Bearish,STRONG SELL
2025-05-19 00:00:00-04:00,206.90999202317107,208.47243269467637,203.2775387890809,207.7758026123047,46140500,0.0,0.0,205.40571060180665,206.63031036376952,47.32444058355337,0.7643848685777357,-0.5333709145431061,217.58377727321513,193.22764393039816,5.9018859564062955,-0.1570648490351291,-0.0117391221989145,0,0,0.8254492,-0.24046974778175353,Bearish,STRONG SELL
2025-05-20 00:00:00-04:00,206.6711529249315,207.4673081447902,204.04385132917625,205.86505126953125,42496600,0.0,0.0,205.7730155944824,206.2258236694336,43.44110432600709,0.6564222692870771,-0.2954122777770695,217.51170999795528,194.03432119100955,5.677899451285119,-0.0789740033159588,-0.0091962168777601,0,0,0.82852125,-0.24046974778175353,Bearish,STRONG SELL
2025-05-21 00:00:00-04:00,204.18315305948536,206.04415370597744,199.74461367242375,201.1179656982422,59211800,0.0,0.0,205.6614501953125,205.8583837890625,37.785005033348725,0.1856707026825859,-0.1991956816851384,217.53873078807868,193.7841696025463,5.726052061451368,0.3933302899526079,-0.0230592105945844,0,0,0.79946136,-0.24046974778175353,Bearish,STRONG SELL
2025-05-22 00:00:00-04:00,199.74461200022,201.77479312617928,198.7394602788173,200.3914794921875,46742400,0.0,0.0,205.3262130737305,205.5531423950195,45.05110559539182,-0.2432209708117341,-0.2080007395104576,217.40967602780455,193.2427501196563,5.150590367446521,-0.2105897810909311,-0.0036122392324945,0,0,0.7934862,-0.24046974778175353,Bearish,STRONG SELL
2025-05-23 00:00:00-04:00,192.7384848883374,196.7491001935844,192.5295034494263,194.3307952880859,78432900,0.0,0.0,204.6427215576172,205.27179443359375,45.48859331246912,-1.0599488455767698,-0.37839036072372,217.60380811363385,191.68163500160057,5.20527774733347,0.677981875128363,-0.0302442210589989,1,1,0.63777405,-0.24046974778175353,Bearish,BUY
2025-05-27 00:00:00-04:00,197.34620772495165,199.77447409530296,196.48038197740732,199.2470245361328,56288500,0.0,0.0,204.16230392456055,205.013037109375,52.344820198412386,-1.2955783362683917,-0.5618279558326544,217.17810354737517,191.14650430174592,5.336412035857911,-0.2823356015141605,0.0252982510608203,1,1,0.75945437,-0.24046974778175353,Bearish,BUY
2025-05-28 00:00:00-04:00,199.6251894151235,201.7548957380012,198.9385057789635,199.4560089111328,45339700,0.0,0.0,203.63916244506837,204.7483218383789,55.56898834985837,-1.4487527923798496,-0.7392129231420935,216.52114023881796,190.75718465131877,5.098142605389332,-0.1945122005382982,0.0010488707446776,0,0,0.6356553,-0.24046974778175353,Bearish,STRONG SELL
2025-05-29 00:00:00-04:00,202.60081106845576,202.8297005493605,197.5551897560925,198.98826599121097,51396800,0.0,0.0,203.0285270690918,204.5002914428711,53.487332896706214,-1.589564091579149,-0.9092831568295048,215.55414512428948,190.50290901389417,5.093666049811377,0.1335937379382747,-0.002345093148486,1,1,0.6755257,-0.24046974778175353,Bearish,BUY
2025-05-30 00:00:00-04:00,198.4110493394953,200.9886032908641,195.83351057352263,199.88394165039065,70819900,0.0,0.0,202.42192611694335,204.21948669433593,53.321308888102,-1.6103217339052378,-1.0494908722446514,214.2717577516277,190.57209448225905,5.245361758690815,0.3779048501073996,0.0045011481190515,1,1,0.8356636,-0.24046974778175353,Bearish,BUY
2025-06-02 00:00:00-04:00,199.31667499872813,201.15778278546435,199.15744093584797,200.72984313964844,35423300,0.0,0.0,202.2536849975586,203.9782595825195,33.2719353786527,-1.5407542780785377,-1.1477435534114286,214.09906524375933,190.40830475135783,4.464137600253959,-0.4998114936620921,0.0042319632196234,1,1,0.57416105,-0.24046974778175353,Bearish,BUY
2025-06-03 00:00:00-04:00,200.3815341795081,202.78989241693247,199.99341064507593,202.29229736328125,46381600,0.0,0.0,202.48459243774417,203.68539184570312,31.842079324629907,-1.3440511848409926,-1.1870050796973417,214.13249606299976,190.83668881248852,4.351112675135923,0.3093528835540449,0.0077838661117559,0,0,0.66651714,-0.24046974778175353,Bearish,STRONG SELL
2025-06-04 00:00:00-04:00,201.93404589483336,205.24803106286797,201.1279442674136,201.844482421875,43604000,0.0,0.0,202.7119934082031,203.3346688842773,32.02269336137445,-1.210345381364334,-1.19167314003074,214.10828744548095,191.31569937092524,4.406558921636558,-0.0598858167894165,-0.002213702386315,0,0,0.63602394,-0.24046974778175353,Bearish,STRONG SELL
2025-06-05 00:00:00-04:00,202.5212149488215,203.76520275563243,199.18732155240895,199.66502380371097,55126100,0.0,0.0,202.94272994995117,202.8803256225586,30.51151985666044,-1.2656569592192,-1.206469903868432,213.86278675130023,192.02267314860208,4.490438728872026,0.2642441060453169,-0.0107977121396302,1,1,0.66346437,-0.24046974778175353,Bearish,BUY
2025-06-06 00:00:00-04:00,202.0236053289331,204.7106157617459,201.07817770068,202.93917846679688,46607700,0.0,0.0,203.27555313110352,202.5355938720703,38.10754560147542,-1.033382672913774,-1.1718524576775005,213.73706231665696,192.81404394555008,4.6517998927400175,-0.1545257146796164,0.0163982384130769,0,0,0.6660932,-0.24046974778175353,Bearish,STRONG SELL
2025-06-09 00:00:00-04:00,203.40692547634256,205.0091823144686,199.05794913802785,200.48106384277344,72862600,0.0,0.0,203.43378829956055,202.09558349609375,38.11991316345071,-1.0357138696289212,-1.1446247400677847,213.6075575071096,193.2600190920115,4.579292088449713,0.5633167910023451,-0.0121125681230921,1,1,0.7448207,-0.24046974778175353,Bearish,BUY
2025-06-10 00:00:00-04:00,199.63515466910712,203.36711781582227,199.60530017876516,201.6951904296875,54672600,0.0,0.0,203.0297409057617,201.79812866210935,43.05136996402567,-0.9288838957957352,-1.101476571213375,212.77581960434057,193.28366220718289,4.581425399444618,-0.2496479675443917,0.0060560661622697,0,0,0.7980414,-0.24046974778175353,Bearish,STRONG SELL
2025-06-11 00:00:00-04:00,202.5211970741936,203.51638723180633,197.45568281643992,197.8238983154297,60989900,0.0,0.0,202.32564392089844,201.3391650390625,44.3457485204342,-1.1434206502456163,-1.1098653870198232,211.38200991030016,193.26927793149673,4.564365712431244,0.1155478246873205,-0.019193775052397,1,1,0.83295614,-0.24046974778175353,Bearish,BUY
2025-06-12 00:00:00-04:00,198.12244911144165,198.71955406677787,196.410720905765,198.2418670654297,43904600,0.0,0.0,201.67230148315429,200.86749053955077,46.27070177844299,-1.265132330794728,-1.1409187757748045,209.841936007899,193.5026669584096,4.512472877692019,-0.2801332679673192,0.0021128324411723,0,0,0.72451544,-0.24046974778175353,Bearish,STRONG SELL
2025-06-13 00:00:00-04:00,198.7693188209708,199.4062398916536,194.758703844025,195.50509643554688,51447300,0.0,0.0,200.92590789794923,200.3271658325195,52.30285029303672,-1.5643909076167972,-1.225613202143203,208.42569006215192,193.42612573374652,4.282870020896833,0.1717974881903035,-0.0138052101223378,1,1,0.9068217,-0.24046974778175353,Bearish,BUY
2025-06-16 00:00:00-04:00,196.3510290449251,197.73434281232372,195.61458283187793,197.46563720703125,43020700,0.0,0.0,200.2869956970215,200.23752166748048,46.048561953417405,-1.6246285241240344,-1.3054162665393692,206.51353735325455,194.0604540407884,4.05326770443682,-0.1637909083664254,0.0100280801228662,0,0,0.69396347,-0.24046974778175353,Bearish,STRONG SELL
2025-06-17 00:00:00-04:00,196.2514839890114,197.43576263348737,194.27106541566712,194.6989898681641,38856200,0.0,0.0,199.63315505981444,200.38693328857423,40.523361781446035,-1.8740101649538872,-1.419135046222273,205.26670266204815,193.9996074575807,4.080280692460137,-0.0968022370626233,-0.0140107786752108,1,1,0.779859,-0.24046974778175353,Bearish,BUY
2025-06-18 00:00:00-04:00,194.9975546383106,196.6197193940347,194.13174409281177,195.6344757080078,45394700,0.0,0.0,199.1216262817383,200.69260864257816,43.441021294881594,-1.9734127491497873,-1.529990586807776,204.2034773879145,194.0397751755621,3.881242443028344,0.1682743037147225,0.0048047801402419,1,1,0.76774716,-0.24046974778175353,Bearish,BUY
2025-06-20 00:00:00-04:00,197.28649906078425,200.7298484455588,195.9131318065836,200.03321838378903,96813500,0.0,0.0,199.06738891601563,201.2659539794922,50.256758579746865,-1.6779063808745889,-1.5595737456211385,204.08224150697944,194.05253632505185,3.8769767301861697,1.1327049192967462,0.0224844964562715,1,1,0.9361377,-0.24046974778175353,Bearish,BUY
2025-06-23 00:00:00-04:00,200.6602176062245,201.3269932602472,198.0030614260212,200.5308380126953,55814300,0.0,0.0,199.07435684204103,201.32388244628908,49.65355697795006,-1.387566704496919,-1.5251723373962949,204.0973365046676,194.0513771794145,3.9715188719439993,-0.4234863939429935,0.0024876849601624,0,0,0.74792093,-0.24046974778175353,Bearish,STRONG SELL
2025-06-24 00:00:00-04:00,201.61557243039425,202.46149014710028,199.23706853700068,199.3365936279297,54064000,0.0,0.0,199.3246467590332,201.52549560546876,44.78766681322892,-1.2395472314245524,-1.4680473162019465,203.823969125504,194.8253243925624,4.002086003247074,-0.0313593469773875,-0.0059554151201922,1,1,0.7865791,-0.24046974778175353,Bearish,BUY
2025-06-25 00:00:00-04:00,200.48105886821313,202.690382284235,199.65504919597095,200.5905303955078,39525700,0.0,0.0,199.3918220520019,201.59853271484377,47.84981038435434,-1.0094225205619125,-1.3763223570739396,203.92624522357255,194.8573988804313,3.9473504218792863,-0.2689090707309854,0.0062905497919696,0,0,0.74421537,-0.24046974778175353,Bearish,STRONG SELL
2025-06-26 00:00:00-04:00,200.4611428555203,201.66532960796235,198.50063224789568,200.03321838378903,50799100,0.0,0.0,199.42068252563476,201.5735577392578,50.668546243008386,-0.8620799301307045,-1.2734738716852927,203.96416437809904,194.87720067317048,3.8464087187966567,0.2852169601044383,-0.0027783565386655,1,1,0.8858779,-0.24046974778175353,Bearish,BUY
2025-06-27 00:00:00-04:00,200.91892502298623,202.2425296541318,199.03801637565215,200.11282348632812,73188600,0.0,0.0,199.47691040039064,201.55772857666017,44.19458611023354,-0.7304660413552142,-1.1648723056192771,204.02569099938935,194.92812980139192,3.7149030988284193,0.4407459974684591,0.0003979594148524,1,1,0.8316461,-0.24046974778175353,Bearish,BUY
2025-06-30 00:00:00-04:00,201.03834688076608,206.39247448465787,198.3015741024103,204.1831512451172,91912800,0.0,0.0,199.69187088012697,201.77974334716797,57.131846566825125,-0.2943268367262135,-0.9907632118406644,204.7043404206105,194.67940133964345,3.8677364706717583,0.2558349251112879,0.0203401645525587,1,1,0.9309449,-0.24046974778175353,Bearish,BUY
2025-07-01 00:00:00-04:00,205.6759415551798,209.17901505124104,205.1484920031366,206.82041931152344,78788900,0.0,0.0,199.99639968872071,202.00063537597657,59.36020429945119,0.2611121788841899,-0.7403881336956936,205.92983930836388,194.06296006907755,3.955882625605097,-0.1427864236537239,0.0129161884823703,1,1,0.7020737,-0.24046974778175353,Bearish,BUY
2025-07-02 00:00:00-04:00,207.90517762155153,212.3138626915596,207.13887695509675,211.4181976318359,67941800,0.0,0.0,200.45269470214845,202.3894155883789,74.18548842461885,1.060083898388655,-0.3802937272788239,208.24269262803816,192.6626967762587,3.915363980224364,-0.137672946316042,0.0222307755472979,1,1,0.741707,-0.24046974778175353,Bearish,BUY
2025-07-03 00:00:00-04:00,211.12959751601144,213.61757304735917,210.79123648824356,212.5228729248047,34955800,0.0,0.0,200.98661422729492,202.6694940185547,74.80120243114958,1.7621004097086086,0.0481851001186625,210.46012354859653,191.51310490599332,3.952328508660275,-0.4855037694026357,0.0052250719443387,0,0,0.5309112,-0.24046974778175353,Bearish,STRONG SELL
2025-07-07 00:00:00-04:00,211.65701970580335,215.18994753990864,207.79569250723537,208.94015502929688,50229000,0.0,0.0,201.45037078857425,202.7813116455078,72.66609826369367,2.00623157181667,0.439794394458264,211.53956100872733,191.3611805684211,4.148522721877749,0.4369289216667906,-0.0168580343668488,1,1,0.84668034,-0.24046974778175353,Bearish,BUY
2025-07-08 00:00:00-04:00,209.08947184941584,210.41306148236816,207.44739887083225,208.99989318847656,42848900,0.0,0.0,201.7534065246582,202.8193850708008,70.79285893867734,2.1794048246642035,0.787716480499452,212.38061077833584,191.12620227098057,4.201123881503396,-0.1469290648828366,0.0002859103802776,1,1,0.71882814,-0.24046974778175353,Bearish,BUY
2025-07-09 00:00:00-04:00,208.52219391164948,210.31353924447487,206.22330706177223,210.12445068359375,48749400,0.0,0.0,202.2355758666992,202.86186157226564,79.5574753946706,2.379953642606353,1.1061639129208325,213.47702887830056,190.99412285509783,4.265099623741861,0.137704818560103,0.0053806606212141,1,1,0.7680055,-0.24046974778175353,Bearish,BUY
2025-07-10 00:00:00-04:00,209.49746585002455,212.45318170934252,209.01977884626095,211.38833618164065,44443600,0.0,0.0,202.7202331542969,202.9125207519531,79.81155207929689,2.6107795808085825,1.4070870464983825,214.6766620688005,190.7638042397932,4.332630163874621,-0.0883251896433596,0.0060149377853699,0,0,0.71545756,-0.24046974778175353,Bearish,STRONG SELL
2025-07-11 00:00:00-04:00,209.55718962168865,211.1096837700706,208.85059795908091,210.14434814453125,39765800,0.0,0.0,203.33625564575195,202.9170309448242,71.7278664593483,2.6626381268009425,1.6581972625588943,215.49828134419332,191.17422994731055,4.149941984232386,-0.1052524997974961,-0.0058848470997966,0,0,0.59598947,-0.24046974778175353,Bearish,STRONG SELL
2025-07-14 00:00:00-04:00,208.92025854176603,209.89555581124029,206.5417547175356,207.61656188964844,38840100,0.0,0.0,203.80499038696288,202.84534271240236,64.00461301463643,2.471277820544458,1.8208133741560073,215.8624808263643,191.7474999475615,4.169846383715935,-0.0232787973585342,-0.0120288091362051,1,1,0.7398146,-0.24046974778175353,Bearish,BUY
2025-07-15 00:00:00-04:00,208.2137043224775,210.8708604550018,207.915144211828,208.1042327880859,42296300,0.0,0.0,204.43494720458983,202.7671081542969,67.82674738088323,2.3320914662810424,1.9230689925810145,215.97187138954433,192.89802301963533,4.171980451948348,0.0889853527668569,0.0023489017157345,1,1,0.62701124,-0.24046974778175353,Bearish,BUY
2025-07-16 00:00:00-04:00,209.28852647626675,211.37841702847135,207.63650690733425,209.14920043945312,47490500,0.0,0.0,205.01912536621097,202.86819885253905,67.55100546524005,2.279825030243188,1.9944202001134492,216.24930615460104,193.78894457782087,4.19970341372205,0.1228050680555983,0.0050213666361669,0,0,0.5122787,-0.24046974778175353,Bearish,STRONG SELL
2025-07-17 00:00:00-04:00,209.5571995447156,210.78127919114968,208.5819022531988,209.0098419189453,48068100,0.0,0.0,205.73466796875,203.09491271972655,68.72913915465264,2.201777712278499,2.035891702546459,215.97633888659607,195.4929970509039,4.130751954999492,0.0121624324864972,-0.0006663115145312,1,1,0.6779656,-0.24046974778175353,Bearish,BUY
2025-07-18 00:00:00-04:00,209.85573909301036,210.77131219576944,208.69136845628208,210.16424560546875,48974600,0.0,0.0,206.46115646362304,203.35226837158203,70.07143362072537,2.2076272277578823,2.0702388075887437,215.69824103241157,197.2240718948345,4.050425559357186,0.018858660941456,0.0055232025244587,1,1,0.5751626,-0.24046974778175353,Bearish,BUY
2025-07-21 00:00:00-04:00,211.07983063398711,214.74212298846783,210.61209006251647,211.45799255371097,51377400,0.0,0.0,207.03239517211915,203.68042236328125,66.33874755140171,2.290256921195436,2.114242430310082,216.00500182891352,198.0597885153248,3.799495345125154,0.0490621669191784,0.0061558851007934,1,1,0.6466819,-0.24046974778175353,Bearish,BUY
2025-07-22 00:00:00-04:00,212.1148553884699,213.9161473632002,211.20922859038384,213.36878967285156,46404100,0.0,0.0,207.67429275512697,204.0221438598633,65.20326090345107,2.481323751242371,2.18765869449654,216.52451348580993,198.82407202444395,3.635999271317475,-0.0967993709296305,0.0090362965053463,0,0,0.6273477,-0.24046974778175353,Bearish,STRONG SELL
2025-07-23 00:00:00-04:00,213.96589762082587,214.11517007989065,211.38835859165647,213.11997985839844,46989300,0.0,0.0,208.3634620666504,204.3382162475586,54.95075347975006,2.58289471549665,2.2667058986965625,216.60571045248815,200.1212136808126,3.438382707617334,0.012610954635474,-0.001166102197208,0,1,0.5406481,-0.24046974778175353,Bearish,BUY
2025-07-24 00:00:00-04:00,212.87116805528336,214.65256693634575,212.50295255730364,212.7318420410156,46022600,0.0,0.0,208.97052764892575,204.3973303222656,50.63437139561707,2.6020758477508537,2.333779888507421,216.56530884972815,201.37574644812335,3.3900454090406567,-0.0205727686941494,-0.0018212174083382,1,1,0.5561587,-0.24046974778175353,Bearish,BUY
2025-07-25 00:00:00-04:00,213.6673206036272,214.2047317845148,212.3735703810196,212.8512725830078,40268800,0.0,0.0,209.6114303588867,204.41623901367188,65.03434239159125,2.596977737080437,2.386419458222024,216.11572676467716,203.10713395309625,2.9926815783850804,-0.1250211852437716,0.0005614135657658,1,1,0.5677271,-0.24046974778175353,Bearish,BUY
2025-07-28 00:00:00-04:00,213.00055398053095,213.81661722083777,212.03521828670327,213.0204620361328,37858000,0.0,0.0,210.25681228637697,204.45047393798828,65.32610996977726,2.5768848974930165,2.4245125460762225,215.15623219938135,205.3573923733725,2.9080913157135506,-0.0598676891290527,0.0007948717011265,0,0,0.6620057,-0.24046974778175353,Bearish,STRONG SELL
2025-07-29 00:00:00-04:00,213.14982178903043,213.7767964509494,209.80599741985404,210.2538299560547,51411700,0.0,0.0,210.56034622192385,204.4468911743164,50.43831217503952,2.3110764396049603,2.4018253247819703,214.54157829777137,206.5791141460763,2.899560376313031,0.3580141581700036,-0.0129876353362187,0,0,0.5644325,-0.24046974778175353,Bearish,STRONG SELL
2025-07-30 00:00:00-04:00,210.88077731884883,211.3684259373732,206.720889966108,208.04449462890625,45512500,0.0,0.0,210.62154998779295,204.4029034423828,39.353707852941234,1.9002416224032856,2.3015085843062337,214.39279939467093,206.85030058091505,2.986284169754719,-0.1147443091747598,-0.0105079433159919,0,0,0.70199525,-0.24046974778175353,Bearish,STRONG SELL
2025-07-31 00:00:00-04:00,207.4872131893059,208.83071086700429,206.1636083824018,206.57164001464844,80698400,0.0,0.0,210.3792221069336,204.37882019042968,38.78842321295009,1.43921464115175,2.129049795675337,214.53788325806445,206.2205609558027,2.995524474186346,0.77310409228234,-0.0070795173738433,0,0,0.62719226,-0.24046974778175353,Bearish,STRONG SELL
2025-08-01 00:00:00-04:00,209.8557561748323,212.5527283441607,200.530828701964,201.40660095214844,104434500,0.0,0.0,209.8234085083008,204.28965118408203,33.27992453747983,0.649583951240686,1.8331566267884067,215.4780817249183,204.16873529168328,3.596903489557848,0.2941334648518434,-0.0250036213205924,1,1,0.58699566,-0.24046974778175353,Bearish,BUY
2025-08-04 00:00:00-04:00,203.52634207300895,206.88014336875773,200.70995198839023,202.37193298339844,75109300,0.0,0.0,209.4949974060059,204.31473052978515,34.95304133836191,0.1005313054984924,1.486631562530424,216.05596792767983,202.9340268843319,3.805181547773141,-0.2807999272271136,0.0047929513068907,0,0,0.7029869,-0.24046974778175353,Bearish,STRONG SELL
2025-08-05 00:00:00-04:00,202.42168730403617,204.35235878558623,201.18766113385615,201.94400024414065,44155100,0.0,0.0,209.14220275878907,204.3457809448242,30.453582847501508,-0.3649208868100686,1.1163210726623256,216.5228778965709,201.76152762100725,3.763952085672636,-0.4121220674403836,-0.0021145854217488,1,1,0.53904176,-0.24046974778175353,Bearish,BUY
2025-08-06 00:00:00-04:00,204.64097466073488,214.34407953630617,204.601158547166,212.2243194580078,108483100,0.0,0.0,209.24719619750977,204.70365142822263,55.62523097561966,0.0946496791462152,0.9119867939591036,216.7455103377657,201.74888205725384,4.492573682402254,1.4568645524526045,0.0509067820853246,1,1,0.88539076,-0.24046974778175353,Bearish,BUY
2025-08-07 00:00:00-04:00,217.82723230897545,219.78775818606871,215.53829184895108,218.97169494628903,90224800,0.0,0.0,209.6263641357422,205.09814483642575,62.88960457483208,0.9918856352524016,0.9279665622177632,218.2613410499712,200.9913872215132,4.884251895871794,-0.1683054779961118,0.0317936017206375,1,1,0.7317256,-0.24046974778175353,Bearish,BUY
2025-08-08 00:00:00-04:00,219.76784743364436,229.88892965735025,218.19544514014737,228.2468719482422,113854000,0.0,0.0,210.5314903259277,205.67396209716796,69.91735285854551,2.4234448986224493,1.2270622294987004,222.53362487579977,198.52935577605572,5.392509548314924,0.2618925173566468,0.042357881023062,0,0,0.67279756,-0.24046974778175353,Bearish,STRONG SELL
2025-08-11 00:00:00-04:00,227.08115402328403,228.71511750604432,223.9327805410339,226.3438720703125,61806100,0.26,0.0,211.46785583496097,206.22107421875,65.39573354944048,3.365613050332513,1.654772393665463,225.29568712695465,197.64002454296724,5.540753704900213,-0.4571459939923059,-0.0083374631235306,1,1,0.6580173,-0.24046974778175353,Bearish,BUY
2025-08-12 00:00:00-04:00,227.17083074525976,229.95057099439725,226.23430307406312,228.80479431152344,55626200,0.0,0.0,212.5028839111328,206.79949127197267,67.68272249795807,4.261737301822109,2.1761653752967924,228.23800838179008,196.76775944047552,5.611429164335925,-0.0999885124607441,0.0108724933381296,1,0,0.55760396,-0.24046974778175353,Bearish,STRONG SELL
2025-08-13 00:00:00-04:00,230.2195756343437,234.1351043372746,229.5819165003467,232.47125244140625,69878500,0.0,0.0,213.6689865112305,207.43431945800785,70.72205096792672,5.207743135409203,2.7824809273192748,231.6535694905324,195.68440353192852,5.838621710529428,0.2562155962478112,0.0160243938109567,0,0,0.7466656,-0.24046974778175353,Bearish,STRONG SELL
2025-08-14 00:00:00-04:00,233.1985820425246,234.2546784716922,230.00040438081015,231.9232940673828,51916300,0.0,0.0,214.81465911865232,208.02693939208984,69.84290829840184,5.845856517808528,3.3951560454171257,234.3978184789265,195.2314997583782,6.011701188199917,-0.2570490208003892,-0.0023571016556619,0,0,0.8469887,-0.24046974778175353,Bearish,STRONG SELL
2025-08-15 00:00:00-04:00,233.13877413921497,233.41774239633352,228.49592139875156,230.73764038085935,56038700,0.0,0.0,215.84332885742188,208.60480255126953,68.05149570304278,6.1846013920704195,3.953045114747785,236.5283215247274,195.15833619011636,6.2360170498747385,0.0794047341586361,-0.0051122664986767,0,0,0.8846797,-0.24046974778175353,Bearish,STRONG SELL
2025-08-18 00:00:00-04:00,230.8472538899505,232.26202593201924,229.26310933608104,230.0402374267578,37476200,0.0,0.0,216.7724411010742,209.21230682373047,71.04723772473595,6.323886725799468,4.427213436958121,238.2809873830287,195.2638948191197,6.166596875934941,-0.3312443008135449,-0.0030224932219572,0,0,0.7164328,-0.24046974778175353,Bearish,STRONG SELL
2025-08-19 00:00:00-04:00,230.4287923573085,232.01293684851592,228.50590285589897,229.71144104003903,39402600,0.0,0.0,217.5895736694336,209.7477520751953,74.00811088368596,6.3347175549851045,4.8087142605635185,239.78446254865355,195.3946847902137,6.085132448888637,0.0514032906217813,-0.0014292994582021,0,0,0.8385324,-0.24046974778175353,Bearish,STRONG SELL
2025-08-20 00:00:00-04:00,229.13358225147155,229.6217843388592,224.939085159242,225.17819213867188,42263900,0.0,0.0,218.19248428344727,210.24169464111327,69.30756498060217,5.909386040933327,5.028848616637481,240.53080173401256,195.85416683288196,6.235507691473965,0.0726170354240582,-0.0197345368643481,0,0,0.8534163,-0.24046974778175353,Bearish,STRONG SELL
2025-08-21 00:00:00-04:00,225.43726447968496,225.68634440656763,222.9564229349862,224.07229614257812,30621200,0.0,0.0,218.7595069885254,210.6892367553711,75.68323197225817,5.4205860454387675,5.107196102397738,241.08992195541032,196.42909202164049,5.571794965001446,-0.2754762338544242,-0.0049112038141451,1,1,0.6773923,-0.24046974778175353,Bearish,BUY
2025-08-22 00:00:00-04:00,225.33760837029217,228.2468598588307,224.58041092619504,226.9217529296875,42477800,0.0,0.0,219.46303100585936,211.27119384765624,76.67902039110731,5.203157119787193,5.126388305875629,241.8960490066932,197.03001300502555,5.429250131850383,0.3872023304116103,0.0127166849100177,0,0,0.67099845,-0.24046974778175353,Bearish,STRONG SELL
2025-08-25 00:00:00-04:00,225.64645413109017,228.45608264282492,225.3973742361901,226.3239593505859,30983100,0.0,0.0,220.12820587158205,211.8328356933594,76.39697371512253,4.925824347000372,5.086275514100578,242.54581126393404,197.71060047923,5.421679471486436,-0.2706048806670779,-0.0026343599561686,1,1,0.7230419,-0.24046974778175353,Bearish,BUY
2025-08-26 00:00:00-04:00,226.0350268937484,228.6453946309622,223.86305742355088,228.4660491943359,54575100,0.0,0.0,221.0388168334961,212.49205474853517,71.34753536804021,4.82328504705913,5.033677420692289,243.24616500016216,198.8314686668301,4.877555036861135,0.7614473696950919,0.0094647064760466,1,1,0.7197309,-0.24046974778175353,Bearish,BUY
2025-08-27 00:00:00-04:00,227.76862267507164,230.05018785299507,227.41990473660533,229.64170837402344,31259500,0.0,0.0,222.11867752075196,213.135576171875,66.43081842285572,4.781766555204939,4.983295247594819,243.75867623683575,200.47867880466816,4.525186778884621,-0.4272204723399498,0.005145881341378,1,1,0.6864545,-0.24046974778175353,Bearish,BUY
2025-08-28 00:00:00-04:00,229.9704999102399,232.55096405412047,228.4959359400532,231.70408630371097,38074700,0.0,0.0,223.37529983520508,213.87567810058593,56.84414919068355,4.859264932841739,4.958489184644204,244.1140915045643,202.63650816584587,3.9795827500892216,0.2180201218829476,0.0089808508405992,0,0,0.5859101,-0.24046974778175353,Bearish,STRONG SELL
2025-08-29 00:00:00-04:00,231.65426265633033,232.52107103838583,230.51845893056873,231.28562927246097,39418400,0.0,0.0,224.8692512512207,214.588701171875,60.393996404209936,4.831225608749861,4.9330364694653355,243.09748149168684,206.64102101075457,3.7810309745754154,0.0352911513419671,-0.0018059976322623,0,0,0.5264314,-0.24046974778175353,Bearish,STRONG SELL
2025-09-02 00:00:00-04:00,228.4062860305561,230.00040359535532,226.13467838242784,228.8745574951172,44075600,0.0,0.0,226.19438247680665,215.16552795410155,50.147041229434485,4.561864565086353,4.858802088589539,241.0839301185559,211.3048348350574,3.883508329553913,0.1181478700302396,-0.0104246501822361,1,1,0.6392504,-0.24046974778175353,Bearish,BUY
2025-09-03 00:00:00-04:00,236.33698891571112,237.9709525201245,233.49747185558655,237.59234619140625,66427800,0.0,0.0,227.97679977416993,215.9067581176758,58.89892931574845,4.994275785109977,4.885896827893627,238.55344532344023,217.4001542248996,4.152514400929353,0.5071331984136347,0.0380898112559979,1,1,0.7916984,-0.24046974778175353,Bearish,BUY
2025-09-04 00:00:00-04:00,237.57239985348932,239.0170601981439,235.8687018920251,238.8975067138672,47549400,0.0,0.0,229.3104591369629,216.69797637939453,61.808349359852095,5.380260050052897,4.984769472325482,238.099316384256,220.5216018896698,4.073520416303408,-0.2841942680624678,0.005493276796928,0,0,0.5263915,-0.24046974778175353,Bearish,STRONG SELL
2025-09-05 00:00:00-04:00,239.1167027112504,240.43185187342493,237.61226559630575,238.8078460693359,54870400,0.0,0.0,230.30226669311523,217.46232269287108,64.19068991959784,5.614203453506491,5.110656268561684,238.64424329369825,221.96029009253223,3.9233607934132073,0.1539661909508847,-0.0003753100891029,0,0,0.84231126,-0.24046974778175353,Bearish,STRONG SELL
2025-09-08 00:00:00-04:00,238.41928864081729,239.2661511981365,235.4701758698508,237.0045166015625,48999500,0.0,0.0,230.74014892578128,218.20174865722657,61.787565502831896,5.589657576122022,5.206456530073751,239.5349609599959,221.94533689156657,3.9802935600094593,-0.1069957572753251,-0.0075513828270526,0,0,0.8262626,-0.24046974778175353,Bearish,STRONG SELL
2025-09-09 00:00:00-04:00,236.12774389612645,237.90119155812317,232.5011411802574,233.4875030517578,66313900,0.0,0.0,231.09733047485352,218.86924224853516,55.768678482447896,5.226167188715351,5.2103986618020715,239.71891349264504,222.475747457062,4.1155090160986605,0.3533587077419158,-0.0148394368184859,0,0,0.68350995,-0.24046974778175353,Bearish,STRONG SELL
2025-09-10 00:00:00-04:00,231.33545739080097,231.56460664903227,225.118417424808,225.955322265625,83440800,0.0,0.0,230.9548568725586,219.30468566894533,51.087566507478655,4.2809660852868205,5.0245121464990214,239.8265041657086,222.0832095794086,4.372418283680998,0.2582701364269029,-0.0322594600896611,1,1,0.6973707,-0.24046974778175353,Bearish,BUY
2025-09-11 00:00:00-04:00,226.04499474029723,229.60184779162617,225.81583028738913,229.1833953857422,50208600,0.0,0.0,230.79046401977536,219.7519451904297,56.75176221354581,3.749148078390192,4.769439332877256,239.66564783846647,221.9152802010843,4.4478537145849675,-0.3982727874133517,0.0142863336333471,1,1,0.83726996,-0.24046974778175353,Bearish,BUY
2025-09-12 00:00:00-04:00,228.37638560886936,233.6469097348115,228.17712472443904,233.2085418701172,55824200,0.0,0.0,230.8547264099121,220.1877520751953,58.05465681626684,3.610850520989544,4.537721570499714,239.78290086351944,221.92655195630476,4.540369521307816,0.1118453810701751,0.0175629935039587,1,1,0.8037854,-0.24046974778175353,Bearish,BUY
2025-09-15 00:00:00-04:00,236.12775635652343,237.31337916896248,234.16500543557729,235.828857421875,42699500,0.0,0.0,231.1092872619629,220.65387176513673,61.577693081743234,3.670376461388656,4.364252548677502,240.30958092134665,221.90899360257913,4.615093013608562,-0.2351077131423289,0.0112359330011897,1,1,0.62921137,-0.24046974778175353,Bearish,BUY
2025-09-16 00:00:00-04:00,236.30706734003456,240.33220689969465,235.45024710789585,237.27349853515625,63421100,0.0,0.0,231.4709503173828,221.22053863525392,60.913578893033865,3.790427968329027,4.249487632607807,241.05497535905408,221.88692527571152,4.622208912493382,0.4852890549069661,0.0061258029618356,1,1,0.71657956,-0.24046974778175353,Bearish,BUY
2025-09-17 00:00:00-04:00,238.09051246512183,239.21635855568803,236.8550706028844,238.1104431152344,46508000,0.0,0.0,231.8909004211426,221.80274963378903,60.58270095342259,3.908054466270556,4.181200999340358,241.87788274730653,221.90391809497865,4.602994972237233,-0.2666793858826163,0.0035273411706115,0,1,0.59299296,-0.24046974778175353,Bearish,BUY
2025-09-18 00:00:00-04:00,239.08682096339743,240.31228984200703,235.77903252032195,237.0045166015625,44249600,0.0,0.0,232.48221664428712,222.34035095214844,56.785730332030376,3.8674536875982426,4.118451536991935,242.19232690828036,222.77210638029388,4.63715420135279,-0.0485593876322353,-0.0046445947485665,1,1,0.6925918,-0.24046974778175353,Bearish,BUY
2025-09-19 00:00:00-04:00,240.342162048153,245.3935094903633,239.32592704772568,244.5964508056641,163741300,0.0,0.0,233.5084243774414,223.0045132446289,64.39655593535414,4.397194795374787,4.174200188668506,243.7971561452257,223.2196926096571,5.093324257137338,2.7004018115417994,0.0320328671915761,1,1,0.9435245,-0.24046974778175353,Bearish,BUY
2025-09-22 00:00:00-04:00,247.38616206443075,255.69547916115815,247.2068166293636,255.13751220703125,105517400,0.0,0.0,234.9192123413086,223.90437652587892,74.15687316964039,5.603006033823021,4.459961357699409,248.58786454914565,221.2505601334715,5.518186933241694,-0.35558469366006,0.0430957250877783,0,0,0.62107575,-0.24046974778175353,Bearish,STRONG SELL
2025-09-23 00:00:00-04:00,254.93828225227924,256.3929004583055,252.64674396870495,253.4936065673828,60275200,0.0,0.0,236.27769470214844,224.8219174194336,66.81417114327103,6.35274024615299,4.838517135390125,251.64459359826304,220.91079580603383,5.136027037855494,-0.4287653031632698,-0.0064432141923312,0,1,0.5021539,-0.24046974778175353,Bearish,BUY
2025-09-24 00:00:00-04:00,254.28068708944184,254.7987775332095,250.11606329601625,251.3813934326172,42303700,0.0,0.0,237.4234619140625,225.68746063232425,62.979078488980825,6.699247310633609,5.210663170438822,253.72662126380231,221.12030256432263,5.245623890075099,-0.2981574511573582,-0.0083324118638241,1,1,0.5978759,-0.24046974778175353,Bearish,BUY
2025-09-25 00:00:00-04:00,252.27808820484515,256.22352044118514,250.7836088309123,255.9246063232422,55202100,0.0,0.0,238.73760681152345,226.62296875,66.28743704350735,7.2568040468932224,5.619891345729703,256.56552042313865,220.90969319990825,5.432789985300362,0.3049000442041711,0.0180729879351344,0,0,0.7115576,-0.24046974778175353,Bearish,STRONG SELL
2025-09-26 00:00:00-04:00,253.16481067495937,256.6519291955366,252.84598111295833,254.51980590820312,46076300,0.0,0.0,239.87839279174804,227.53316802978512,66.79402960617756,7.498873775277076,5.995687831639177,258.70331153663545,221.05347404686063,5.433502324892686,-0.1653161745658227,-0.0054891182025097,0,0,0.5757663,-0.24046974778175353,Bearish,STRONG SELL
2025-09-29 00:00:00-04:00,253.6231329894407,254.0615160770535,252.07883445903423,253.4936065673828,40127700,0.0,0.0,240.98879165649413,228.39975524902343,70.14447382103388,7.5212102387000925,6.30079231305136,260.29339806506346,221.6841852479248,5.222139544271481,-0.1291032483076983,-0.0040319036750736,1,1,0.7163835,-0.24046974778175353,Bearish,BUY
2025-09-30 00:00:00-04:00,253.9220050782957,254.97810138533345,252.1784458386236,253.69285583496097,37704300,0.0,0.0,242.2297065734863,229.24445251464843,82.76838225618222,7.468893047756268,6.5344124599923425,261.44600101068403,223.01341213628865,4.824323109968625,-0.0603921979081781,0.0007860129897405,1,1,0.61649907,-0.24046974778175353,Bearish,BUY
2025-10-01 00:00:00-04:00,254.10134722927504,257.83756097799323,253.9917514638179,254.5098419189453,48713900,0.0,0.0,243.0755813598633,230.0672735595703,81.72743287859348,7.407960884368776,6.70912214486763,262.91175191673426,223.23941080299232,4.84994365559686,0.2919985253671331,0.0032203748162142,1,0,0.5046922,-0.24046974778175353,Bearish,STRONG SELL
2025-10-02 00:00:00-04:00,255.63569123318152,257.22980880920034,253.21464169746508,256.1836853027344,42630200,0.0,0.0,243.93989028930665,230.92854766845704,80.58358482832192,7.40932677119801,6.849163070133706,264.5026331891568,223.3771473894565,4.746042377122775,-0.1248863260794147,0.0065767334228361,1,1,0.6803945,-0.24046974778175353,Bearish,BUY
2025-10-03 00:00:00-04:00,253.7327421013528,258.28591533133675,253.0153906843864,257.0704040527344,49155600,0.0,0.0,244.85301818847657,231.8153189086914,79.6440800681431,7.3966955369907055,6.958669563505106,266.06781859090836,223.63821778604475,4.82930575913028,0.1530698894211146,0.0034612615903004,0,0,0.76909804,-0.24046974778175353,Bearish,STRONG SELL
2025-10-06 00:00:00-04:00,257.0404730386864,258.11651518827176,254.11130630837613,255.74526977539065,44664100,0.0,0.0,245.79005584716796,232.67319885253903,75.86493790189422,7.19679772696054,7.006295196196193,267.19985791878725,224.3802537755487,4.766680693994341,-0.091373109065905,-0.0051547523808765,0,0,0.6575773,-0.24046974778175353,Bearish,STRONG SELL
2025-10-07 00:00:00-04:00,255.86484387966763,256.45266881763376,254.48991791397023,255.53607177734375,31955800,0.0,0.0,246.8924842834473,233.5235110473633,74.83671360244416,6.941479685332467,6.993332094023448,267.90189705926923,225.8830715076253,4.738213761912904,-0.2845305289930839,-0.0008179936161892,1,1,0.8022467,-0.24046974778175353,Bearish,BUY
2025-10-08 00:00:00-04:00,255.5758888188916,257.56852798749276,255.16739414069707,257.1102294921875,36496900,0.0,0.0,248.4502296447754,234.46063903808593,78.27917933274213,6.787912835835527,6.952248242385864,267.4468189297999,229.4536403597509,4.585919227992234,0.1421056584407212,0.0061602172401529,0,0,0.7944502,-0.24046974778175353,Bearish,STRONG SELL
2025-10-09 00:00:00-04:00,256.8611709050607,257.05047407420307,252.2083598847001,253.10504150390625,38322000,0.0,0.0,249.6463119506836,235.36184997558593,63.31053401207742,6.270739620374371,6.815946517983566,266.41707934129386,232.87554456007328,4.336838993612708,0.0500069868947774,-0.0155777076477735,0,0,0.81605273,-0.24046974778175353,Bearish,STRONG SELL
2025-10-10 00:00:00-04:00,254.00171816056968,255.436420799504,243.10197943699816,244.3673095703125,61999100,0.0,0.0,250.20425033569336,236.1177633666992,32.14402444762632,5.097058461189334,6.47216890662472,265.33470210279194,235.0737985685948,4.425082779827832,0.6178461458170241,-0.0345221568155089,1,1,0.6647428,-0.24046974778175353,Bearish,BUY
2025-10-13 00:00:00-04:00,248.46219085423505,248.7710475029622,244.6562426215344,246.74851989746097,38142900,0.0,0.0,250.75023345947267,237.02460174560548,39.08415193674405,4.309375659307619,6.0396102571613,264.41346426118736,237.08700265775795,4.472052882902773,-0.3847830049145875,0.009744389834039,1,1,0.7282753,-0.24046974778175353,Bearish,BUY
2025-10-14 00:00:00-04:00,245.6924164271231,247.93413549962375,243.79940008876653,246.8581085205078,35478000,0.0,0.0,251.22946395874024,237.91432525634767,42.172410915816144,3.6518776772296064,5.562063741174962,263.50422561886444,238.95470229861604,4.432911538164485,-0.0698662136334677,0.0004441308223142,1,1,0.6474311,-0.24046974778175353,Bearish,BUY
2025-10-15 00:00:00-04:00,248.57178982967116,250.89321639065437,246.559219921403,248.42233276367188,33893600,0.0,0.0,251.74505844116212,238.8438919067383,35.52479958076093,3.2199085120678035,5.093632695353531,262.4677441795392,241.02237270278505,4.353917599520094,-0.0446586617058458,0.0063365317531554,0,0,0.63835466,-0.24046974778175353,Bearish,STRONG SELL
2025-10-16 00:00:00-04:00,247.33635013275975,248.1234359576197,244.22783772705108,246.5392913818359,39777000,0.0,0.0,252.22179718017577,239.53019134521483,34.88107757780878,2.6945628905316994,4.613818734389165,260.82298180243544,243.6206125579161,4.381670953380275,0.1735843935138197,-0.0075800004004764,1,1,0.6528573,-0.24046974778175353,Bearish,BUY
2025-10-17 00:00:00-04:00,247.10719170360767,252.44746537322095,246.35995200283696,251.36146545410156,49147000,0.0,0.0,252.56004791259767,240.17798675537108,46.46861400201169,2.6369349034629863,4.218441968203929,260.3967064713722,244.7233893538231,4.642138233467067,0.2355632652035095,0.0195594545812056,1,1,0.79073405,-0.24046974778175353,Bearish,BUY
2025-10-20 00:00:00-04:00,254.94822099113512,263.4069798400544,254.68918336894043,261.27484130859375,90483000,0.0,0.0,252.86691436767575,240.83854614257817,59.50062235784715,3.3525448404089673,4.045262542644937,261.56214892234203,244.17167981300952,5.302556721984426,0.8410686308421673,0.0394387255683086,1,1,0.9300903,-0.24046974778175353,Bearish,BUY
2025-10-21 00:00:00-04:00,260.9161783410852,264.3136317818121,260.86634411857244,261.8028869628906,46695900,0.0,0.0,253.28237838745116,241.5477264404297,59.205221332304106,3.917125557271703,4.019635145570291,262.8536116015959,243.7111451733064,5.252741187713523,-0.4839262623918305,0.0020210352120095,0,1,0.75030196,-0.24046974778175353,Bearish,BUY
2025-10-22 00:00:00-04:00,261.6833028295614,261.88257888575197,254.4898750367867,257.498779296875,45015300,0.0,0.0,253.58824768066407,242.12160614013672,51.556549115476415,3.9714736491797566,4.010002846292184,263.2937379579054,243.8827574034227,5.493993811801379,-0.0359903117832615,-0.0164402605179281,1,1,0.77562034,-0.24046974778175353,Bearish,BUY
2025-10-23 00:00:00-04:00,258.98332466328685,259.6608147081683,257.0604350924048,258.6246337890625,32754900,0.0,0.0,253.72324905395507,242.64467376708984,51.829235879444056,4.058606858465367,4.019723648726821,263.6384227328017,243.80807537510847,5.303269166716602,-0.2723607306849005,0.0043722711822624,1,1,0.84356874,-0.24046974778175353,Bearish,BUY
2025-10-24 00:00:00-04:00,260.2287466983284,263.1579290692685,258.2261343576155,261.8527526855469,38253700,0.0,0.0,254.08989639282223,243.24326293945313,56.879962817329826,4.338135445990275,4.083406008179511,264.65041271981363,243.5293800658309,5.369453868984986,0.1678771725757062,0.0124818693764388,1,1,0.7322193,-0.24046974778175353,Bearish,BUY
2025-10-27 00:00:00-04:00,263.90514984178776,268.1295353654346,263.67598537979285,267.8206787109375,44888200,0.0,0.0,254.80625,243.9849237060547,62.24914690930734,4.983775755096616,4.263479957562932,267.0120033534185,242.60049664658152,5.677598995858143,0.1734342037502254,0.0227911525244013,1,1,0.86438453,-0.24046974778175353,Bearish,BUY
2025-10-28 00:00:00-04:00,268.00000632210845,268.89671830922975,267.1631014853557,268.0099792480469,41534800,0.0,0.0,255.5221061706543,244.74431854248047,61.17696355657031,5.447925034364204,4.500368972923186,269.0596313214423,241.9845810198663,5.629919208506599,-0.0747056019176531,0.0007068182263614,1,1,0.6507257,-0.24046974778175353,Bearish,BUY
2025-10-29 00:00:00-04:00,268.28892986747474,270.4110953948544,266.1269030442272,268.7073974609375,51086700,0.0,0.0,256.2319839477539,245.52423767089843,67.16350818296266,5.805124640125058,4.761320106363561,270.98079647847345,241.48317141703436,5.58579940444515,0.2299734198792338,0.00260220986863,1,0,0.5632831,-0.24046974778175353,Bearish,STRONG SELL
2025-10-30 00:00:00-04:00,270.98894793982623,273.1310593223432,267.49188695276854,270.401123046875,69886500,0.0,0.0,256.94285583496094,246.4286962890625,83.89103552719503,6.153938627105106,5.03984381051187,272.99481673052685,240.89089493939505,5.107565904950069,0.3679979329257909,0.0063032339337949,0,0,0.7305362,-0.24046974778175353,Bearish,STRONG SELL
2025-10-31 00:00:00-04:00,275.9705701844509,276.29937269597025,268.16940070155243,269.37493896484375,86167100,0.0,0.0,257.5580825805664,247.3347491455078,80.53243591945184,6.275234745664136,5.286921997542324,274.5465072728524,240.56965788828043,5.373725480790648,0.2329577243101315,-0.003795043713089,0,0,0.7560588,-0.24046974778175353,Bearish,STRONG SELL
2025-11-03 00:00:00-05:00,269.424736694289,269.8531467885877,265.2700709373508,268.05975341796875,50194600,0.0,0.0,258.17380676269534,248.15750915527343,77.70827907555514,6.193839584150055,5.468305514863871,275.7674521405456,240.58016138484507,5.405749797960624,-0.4174737225692868,-0.0048823604449953,1,1,0.7636294,-0.24046974778175353,Bearish,BUY
2025-11-04 00:00:00-05:00,267.3424142382169,270.49078769741067,266.6350358638735,269.046142578125,49274800,0.0,0.0,258.84931030273435,249.01195281982424,77.36643595421171,6.138169694495957,5.6022783507902885,277.0437087383767,240.654911867092,5.371589466838182,-0.0183246803441007,0.0036797361318847,1,0,0.58160096,-0.24046974778175353,Bearish,STRONG SELL
2025-11-05 00:00:00-05:00,267.6214146886098,270.7000692568828,265.94760492323326,269.14581298828125,43683100,0.0,0.0,259.4510894775391,249.8255480957031,81.48761974634624,6.032553948203997,5.68833347027303,278.191265517543,240.71091343753517,5.411444416625948,-0.1134799126531208,0.000370458424719,0,0,0.60934967,-0.24046974778175353,Bearish,STRONG SELL
2025-11-06 00:00:00-05:00,266.90407480138714,272.3937751745226,266.90407480138714,268.7771301269531,51204000,0.0,0.0,260.2346939086914,250.6082565307617,77.69315765950911,5.851648916465251,5.720996559511475,279.1672302682,241.3021575491827,5.368743488251054,0.1721695575634512,-0.0013698257358518,0,0,0.7598112,-0.24046974778175353,Bearish,STRONG SELL
2025-11-07 00:00:00-05:00,268.80702532983145,271.2878818962731,265.7881780523408,267.48193359375,48227400,0.0,0.0,261.39042510986326,251.3238134765625,63.596655418233155,5.5399082260843215,5.684778892826045,279.0219085348898,243.75894168483669,4.9011855923924434,-0.0581321771736582,-0.0048188494779721,1,1,0.5373177,-0.24046974778175353,Bearish,BUY
2025-11-10 00:00:00-05:00,268.22988302493957,272.9869540449525,266.7339548671466,268.6986083984375,41312400,0.26,0.0,262.4879295349121,252.07207305908204,64.66274118421173,5.329590766745753,5.613741267609987,278.9775599119485,245.9982991578757,5.101593557718601,-0.143383221985842,0.0045486242317036,1,1,0.6672009,-0.24046974778175353,Bearish,BUY
2025-11-11 00:00:00-05:00,269.0776024957972,275.1610502271484,269.06761990152603,274.5028381347656,46208300,0.0,0.0,263.870166015625,252.984638671875,83.98832710933696,5.567091530939763,5.6044113202759425,279.4530023381668,248.28732969308317,5.035146270557577,0.1185092127303182,0.0216012645950192,0,0,0.7272228,-0.24046974778175353,Bearish,STRONG SELL
2025-11-12 00:00:00-05:00,274.25347600982695,274.9815052844664,270.9624464716027,272.7276306152344,48398000,0.0,0.0,265.08543090820314,253.68734436035157,77.47632156298494,5.548112993853522,5.593151654991459,279.32917002464825,250.841691791758,5.1364804989218795,0.0473875905410932,-0.0064669914948556,0,0,0.8091145,-0.24046974778175353,Bearish,STRONG SELL
2025-11-13 00:00:00-05:00,273.36590026791555,275.9488963676571,271.3513946141157,272.2090759277344,49602800,0.0,0.0,266.36892013549806,254.3535757446289,72.55852415949629,5.428651224838859,5.56025156896094,277.95420689508285,254.7836333759133,5.112602430485334,0.0248935906442415,-0.001901364692423,0,0,0.6479682,-0.24046974778175353,Bearish,STRONG SELL
2025-11-14 00:00:00-05:00,270.31420819279356,275.21088338895913,268.8681625557137,271.6705322265625,47431300,0.0,0.0,267.3843734741211,255.01082946777345,60.98391315401789,5.230230099450864,5.494247275058925,276.7853825383837,257.9833644098585,5.117312298582314,-0.0437777706097236,-0.0019784193430598,0,0,0.6232969,-0.24046974778175353,Bearish,STRONG SELL
2025-11-17 00:00:00-05:00,268.09027174019775,269.7557213346742,265.00866346949266,266.73394775390625,45018300,0.0,0.0,267.6573287963867,255.6054180908203,47.13537777278414,4.621366580607912,5.319671136168722,276.6181404660608,258.6965171267126,5.469330293810584,-0.0508735792609521,-0.0181712180272071,0,0,0.5875647,-0.24046974778175353,Bearish,STRONG SELL
2025-11-18 00:00:00-05:00,269.2570854665072,269.9751321987233,264.59977951795884,266.7140197753906,45677300,0.0,0.0,267.9028854370117,256.26994842529297,45.38457951123277,4.0900819156429975,5.073753292063578,276.4477031820325,259.3580676919909,5.5472703173918205,0.0146384914579182,-7.471106952616768e-05,1,1,0.5594093,-0.24046974778175353,Bearish,BUY
2025-11-19 00:00:00-05:00,264.80918960656476,271.47104873805114,264.77927226211665,267.8309631347656,40424500,0.0,0.0,268.41949462890625,257.10746124267575,43.88580505490644,3.716323521154606,4.8022673378817835,275.4268309499726,261.4121583078399,5.62245632498895,-0.1149980406022247,0.0041877939536723,0,0,0.5204883,-0.24046974778175353,Bearish,STRONG SELL
2025-11-20 00:00:00-05:00,270.09480618650156,274.68232536305425,265.1981613886433,265.5272521972656,45823600,0.0,0.0,268.7646255493164,257.83433837890624,41.37115903961105,3.1973697923257305,4.481287828770573,274.25685127723716,263.27239982139565,5.719184323559887,0.1335600935076499,-0.0086013615100238,1,1,0.6236508,-0.24046974778175353,Bearish,BUY
2025-11-21 00:00:00-05:00,265.22808167538,272.5880228442522,264.9488429624803,270.7530212402344,59030800,0.0,0.0,269.20963897705076,258.5852279663086,55.13863059130963,3.171215315419431,4.219273326100345,273.6935417247646,264.7257362293369,5.937477468598099,0.2882182979949197,0.0196807258001767,1,1,0.888327,-0.24046974778175353,Bearish,BUY
2025-11-24 00:00:00-05:00,270.164627965921,276.24807542504453,270.164627965921,275.1710205078125,65585800,0.0,0.0,269.57715606689453,259.3720712280273,60.33291871231342,3.4670177002664104,4.068822200933559,274.73585962087856,264.4184525129105,6.096598584711411,0.111043726325918,0.0163174514077097,1,1,0.8215739,-0.24046974778175353,Bearish,BUY
2025-11-25 00:00:00-05:00,274.52274228722064,279.6188865292943,274.5028075356392,276.2181396484375,46914200,0.0,0.0,269.98756408691406,260.15096405029294,61.56170239090653,3.742792403882788,4.003616241523405,275.8757499587449,264.0993782150832,6.122571060426095,-0.2846896736793635,0.0038053394528705,1,1,0.7455304,-0.24046974778175353,Bearish,BUY
2025-11-26 00:00:00-05:00,276.2081750495132,278.7712060098946,275.8790842359358,276.79656982421875,33431400,0.0,0.0,270.39202270507815,260.9246865844727,63.020730620848354,3.9623448790988505,3.9953619690384943,276.979698250009,263.8043471601473,5.937029731913477,-0.2873927297065707,0.002094106406326,1,1,0.77822524,-0.24046974778175353,Bearish,BUY
2025-11-28 00:00:00-05:00,276.5073375714406,278.2426042891834,275.2407657367699,278.093017578125,20135600,0.0,0.0,270.7766174316406,261.7464566040039,67.22794333325406,4.192624332880598,4.034814441806915,278.2103238146895,263.3429110485917,5.758610782519278,-0.3977039549644945,0.0046837565751973,1,1,0.7688841,-0.24046974778175353,Bearish,BUY
2025-12-01 00:00:00-05:00,277.255303275414,282.650620542313,275.390384584981,282.33148193359375,46587700,0.0,0.0,271.4244445800781,262.5011572265625,70.15627904626285,4.6633746303494945,4.160526479515432,280.43486598676327,262.41402317339293,5.830556266771144,1.3136981267009675,0.0152411750297831,1,1,0.7886712,-0.24046974778175353,Bearish,BUY
2025-12-02 00:00:00-05:00,282.231773534172,286.619823290159,281.86278279875575,285.4131164550781,53669500,0.0,0.0,272.29211273193357,263.10666931152343,67.54327079726616,5.224880612925347,4.373397306197415,283.10094323417036,261.4832822296968,5.7087418855348835,0.1520100799137969,0.0109149518161393,0,0,0.7488153,-0.24046974778175353,Bearish,STRONG SELL
2025-12-03 00:00:00-05:00,285.4231155973949,287.8365294074879,282.5309633672564,283.378662109375,43538700,0.0,0.0,273.0087387084961,263.7043704223633,66.98480767976703,5.442971499184466,4.587312144794826,284.7699647363991,261.24751268059305,5.800635258918297,-0.1887627050745768,-0.0071281038901495,0,0,0.6493263,-0.24046974778175353,Bearish,STRONG SELL
2025-12-04 00:00:00-05:00,283.32881389666403,283.9571086251454,277.8337611056945,279.93804931640625,43989100,0.0,0.0,273.54835052490233,264.27550354003904,61.27440287683954,5.277347423746903,4.725319200585242,285.5511581886394,261.54554286116525,5.909624242197546,0.0103448196661819,-0.0121413968410959,0,0,0.713801,-0.24046974778175353,Bearish,STRONG SELL
2025-12-05 00:00:00-05:00,279.77848663840757,280.37686403379615,277.29522501275557,278.02325439453125,47265800,0.0,0.0,274.0106567382812,264.71747650146483,58.90912577015323,4.934697086844267,4.767194777837047,285.9517912252306,262.0695222513319,5.6766898270400565,0.0744889074793528,-0.0068400666738617,0,0,0.69772935,-0.24046974778175353,Bearish,STRONG SELL
2025-12-08 00:00:00-05:00,277.374989388386,278.9108174051644,275.4003533668138,277.1356506347656,38211800,0.0,0.0,274.493342590332,265.16979339599607,66.45635319530666,4.539196983513648,4.721595218972367,286.09903483516047,262.8876503455036,5.451589489988679,-0.191554993250934,-0.0031925522262467,0,1,0.52830523,-0.24046974778175353,Bearish,BUY
2025-12-09 00:00:00-05:00,277.40493251311347,279.2698514894354,276.16830825817004,276.4275817871094,32193300,0.0,0.0,274.8797912597656,265.62847290039065,65.04017404025532,4.12111936503976,4.601500048185846,286.18384665428704,263.5757358652442,5.289174529310169,-0.1575037030446092,-0.0025549540307587,1,1,0.6741135,-0.24046974778175353,Bearish,BUY
2025-12-10 00:00:00-05:00,276.99605153243056,278.9906225605669,275.6896099437804,278.02325439453125,33038300,0.0,0.0,275.0558120727539,266.11508087158205,65.5508817479068,3.8738914746332966,4.455978333475336,286.44447240717176,263.66715173833603,5.046977110799601,0.0262476975022754,0.0057724797109819,0,0,0.5833216,-0.24046974778175353,Bearish,STRONG SELL
2025-12-11 00:00:00-05:00,278.342340640522,278.83100071126506,273.06669274298736,277.2752380371094,33248000,0.0,0.0,275.28319244384767,266.5703887939453,68.81780035508419,3.576376677573137,4.280058002294896,286.65771532392324,263.9086695637721,4.7812731103615125,0.0063471788802693,-0.0026904812658598,1,1,0.61848825,-0.24046974778175353,Bearish,BUY
2025-12-12 00:00:00-05:00,277.14562382282355,278.4620479370953,276.0685689150702,277.52459716796875,39532900,0.0,0.0,275.54896850585936,266.99720703125,62.903805468551006,3.322416505955516,4.088529703027021,286.8693262790728,264.2286107326459,4.406580191808168,0.1890309191530317,0.0008993198694,0,0,0.52546465,-0.24046974778175353,Bearish,STRONG SELL
2025-12-15 00:00:00-05:00,279.3894873363706,279.3894873363706,272.0993337942639,273.3658752441406,50409100,0.0,0.0,275.6337356567383,267.32311645507815,46.52581426136477,2.75383266810411,3.821590296042439,286.8567833182419,264.41068799523464,4.492773483449826,0.2751176867874605,-0.0149850570589643,1,1,0.6992879,-0.24046974778175353,Bearish,BUY
2025-12-16 00:00:00-05:00,272.07941349564567,274.752131096348,271.0522107383373,273.8645324707031,37648600,0.0,0.0,275.9902648925781,267.68550170898436,45.3725515137624,2.3167572158596386,3.520623680005879,286.4499759446074,265.53055384054886,4.391619295189514,-0.2531388181895729,0.001824138532716,0,0,0.6122545,-0.24046974778175353,Bearish,STRONG SELL
2025-12-17 00:00:00-05:00,274.2634587890498,275.41033087528734,270.9026119684932,271.10205078125,50138700,0.0,0.0,276.2096664428711,267.9968212890625,39.68944222931457,1.727548482140662,3.162008640432836,286.01363514040276,266.4056977453394,4.507019090392037,0.3317547000419669,-0.0100870370636572,1,1,0.6546205,-0.24046974778175353,Bearish,BUY
2025-12-18 00:00:00-05:00,272.86723904028526,272.8872042261758,266.22534517191764,271.45111083984375,51630700,0.0,0.0,276.390673828125,268.2836389160156,37.54686191127936,1.2740757925091657,2.784422070848102,285.6625381088046,267.1188095474454,4.7684491262380835,0.029757452825861,0.0012875596388439,1,1,0.52281284,-0.24046974778175353,Bearish,BUY
2025-12-19 00:00:00-05:00,271.4112306527045,273.8545921928022,269.1673383776201,272.9271240234375,144632000,0.0,0.0,276.7606674194336,268.6800805664063,30.329850738647096,1.0220161808907164,2.4319408928566246,284.7024266300132,268.81890820885405,4.584664687513091,1.8012790839558637,0.005437491779006,0,0,0.5708127,-0.24046974778175353,Bearish,STRONG SELL
2025-12-22 00:00:00-05:00,272.1193204151364,273.1365711538121,269.775723721713,270.2344665527344,36571800,0.0,0.0,276.73473968505857,269.1974237060547,17.72721255992255,0.5980877845992154,2.065170271205143,284.7620070597048,268.70747231041236,4.484936611848509,-0.7471389457381492,-0.0098658478168403,1,1,0.78099245,-0.24046974778175353,Bearish,BUY
2025-12-23 00:00:00-05:00,270.1048034873943,271.7603010837797,268.8282792538215,271.62066650390625,29642000,0.0,0.0,276.5572219848633,269.6948666381836,24.29150608004953,0.369714390052934,1.7260790949747014,284.88162021888814,268.23282375083846,4.315397739686132,-0.1894847942950579,0.0051296193592735,1,0,0.5644797,-0.24046974778175353,Bearish,STRONG SELL
2025-12-24 00:00:00-05:00,271.60073103225574,274.68233959340455,271.46112688748974,273.0667419433594,17910600,0.0,0.0,276.3996520996094,270.21903930664064,33.54050343650901,0.3019325417459413,1.4412497843289491,284.8691147311432,267.9301894680756,4.108102395862127,-0.3957695162269752,0.0053238785474827,0,0,0.63763374,-0.24046974778175353,Bearish,STRONG SELL
2025-12-26 00:00:00-05:00,273.4157529954652,274.6224597374741,272.11926379011726,272.6578063964844,21521800,0.0,0.0,276.19271392822264,270.70374877929686,36.1483372332128,0.2127646392846713,1.1955527553200938,284.8220815877828,267.5633462686625,4.066785033456147,0.2016236195325673,-0.0014975662871453,1,0,0.5728103,-0.24046974778175353,Bearish,STRONG SELL
2025-12-29 00:00:00-05:00,271.9497734782625,273.61522314661676,271.6107000753325,273.0168762207031,23715200,0.0,0.0,275.93890686035155,271.2333004760742,39.068483564333334,0.1691228254503016,0.9902667693461354,284.6313096545281,267.246504066175,3.9592178215228393,0.1019152673103551,0.0013169247892232,0,0,0.7818761,-0.24046974778175353,Bearish,STRONG SELL
2025-12-30 00:00:00-05:00,272.06942798009953,273.3359694836473,271.54086793463244,272.33868408203125,22139600,0.0,0.0,275.43926696777345,271.6528448486328,39.1305405971084,0.0789023981310492,0.8079938951031183,283.7237312186389,267.154802716908,3.8659005585049497,-0.0664384023748482,-0.0024840667289872,0,0,0.7588363,-0.24046974778175353,Bearish,STRONG SELL
2025-12-31 00:00:00-05:00,272.3187639976345,272.9370761103812,271.0123224859311,271.12200927734375,27293600,0.0,0.0,274.7247116088867,271.8497882080078,31.27725949549443,-0.0897389740529206,0.6284473212719105,281.75775999774714,267.69166322002627,3.7675963447666327,0.2327955337946485,-0.0044675063654233,0,0,0.76423997,-0.24046974778175353,Bearish,STRONG SELL
2026-01-02 00:00:00-05:00,271.52092924369913,277.0857683126949,268.2697691424855,270.2743225097656,37838100,0.0,0.0,274.0694946289062,272.0192169189453,31.1090213180848,-0.2884644753252132,0.4450649619524858,280.0744368713529,268.0645523864596,3.985574287761754,0.386335990854999,-0.00312658780391,0,0,0.82674354,-0.24046974778175353,Bearish,STRONG SELL
2026-01-05 00:00:00-05:00,269.9053450243044,270.7729784841199,265.41756056202854,266.5345153808594,45647200,0.0,0.0,273.3993179321289,272.199931640625,25.04549177544733,-0.7392059413023162,0.2082107813015254,279.6339422341861,267.16469363007167,4.197141352052204,0.2063819272109328,-0.0138370789136696,0,0,0.8370143,-0.24046974778175353,Bearish,STRONG SELL
2026-01-06 00:00:00-05:00,266.27521573774703,266.82371056256306,261.40845786144683,261.6477966308594,52352100,0.0,0.0,272.58054504394534,272.2603948974609,24.243977172416947,-1.4737506831213525,-0.1281815115830501,280.36642632157543,264.79466376631524,4.0632198634100245,0.1468852415920363,-0.0183342811831226,0,0,0.8018127,-0.24046974778175353,Bearish,STRONG SELL
2026-01-07 00:00:00-05:00,262.48552563718374,262.964203143993,259.1047135716701,259.623291015625,48309800,0.0,0.0,271.7049270629883,272.2158056640625,20.66574219933544,-2.193952844073806,-0.5413357780812013,281.10539802060583,262.3044561053708,4.074617664432322,-0.0772137125349317,-0.0077375221244099,0,0,0.7222245,-0.24046974778175353,Bearish,STRONG SELL
2026-01-08 00:00:00-05:00,256.32231677215987,258.5861744106298,255.005907781442,258.33685302734375,50419300,0.0,0.0,270.800390625,272.0261291503906,22.00373203256561,-2.835833318596599,-1.000235286184281,281.65629147001727,259.9444897799827,4.082450830674385,0.0436660884541024,-0.0049550176459469,1,1,0.5026827,-0.24046974778175353,Bearish,BUY
2026-01-09 00:00:00-05:00,258.3767027680543,259.5036402038468,255.52448097015204,258.6659240722656,39997000,0.0,0.0,269.83252410888673,271.839248046875,21.93528592922476,-3.280163255809043,-1.4562208801092331,281.4050003086414,258.2600479091321,3.8908294149198577,-0.2067125089003615,0.0012738060445718,1,1,0.6168384,-0.24046974778175353,Bearish,BUY
2026-01-12 00:00:00-05:00,258.45648066308013,260.5906555331263,256.1028713590674,259.54351806640625,45263800,0.0,0.0,268.94593811035156,271.65597045898437,19.82905465462821,-3.520896725536261,-1.8691560491946388,280.830288152937,257.06158806776614,3.876581583411059,0.1316798759906994,0.0033927700267757,1,0,0.52571464,-0.24046974778175353,Bearish,STRONG SELL
2026-01-13 00:00:00-05:00,258.0176775418968,261.0992857475004,257.6885867541948,260.3413391113281,45730800,0.0,0.0,268.0867752075195,271.45477478027345,25.614419911778697,-3.605737546091916,-2.2164723485740945,279.84362718972807,256.32992322531095,3.8801424092115258,0.0103172954988313,0.0030739393950796,0,0,0.7842118,-0.24046974778175353,Bearish,STRONG SELL
2026-01-14 00:00:00-05:00,258.78560808748875,261.10930037675524,256.0131555781144,259.25433349609375,40019400,0.0,0.0,267.3811981201172,271.25236267089844,19.061885391089778,-3.7178299469323406,-2.5167438682457437,279.4925090525833,255.26988718765108,4.034722621260286,-0.1248917578524757,-0.0041753093033355,0,0,0.67876756,-0.24046974778175353,Bearish,STRONG SELL
2026-01-15 00:00:00-05:00,259.9424426175537,260.3313985459844,256.35220896361545,257.5090637207031,39388600,0.0,0.0,266.5634246826172,271.0413488769531,11.65186281766593,-3.902506995805083,-2.793896493757612,279.03485430383444,254.09199506139996,4.0888638267212984,-0.0157623552576999,-0.0067318827494813,0,0,0.72966164,-0.24046974778175353,Bearish,STRONG SELL
2026-01-16 00:00:00-05:00,257.1999111311508,258.1971965798445,254.23797213114116,254.8363494873047,72142800,0.0,0.0,265.7501396179199,270.75715301513674,10.482066232085003,-4.215931950198069,-3.078303585045703,279.06807496153795,252.43220427430188,4.192865862531761,0.8315654783363715,-0.0103791074177385,0,0,0.57490504,-0.24046974778175353,Bearish,STRONG SELL
2026-01-20 00:00:00-05:00,252.04394930256512,254.09835490933511,242.75922413209136,246.0303192138672,80267500,0.0,0.0,264.4791000366211,270.29484313964844,6.4670168161341195,-5.115923352800735,-3.48582753859671,280.1504253101065,248.8077747631357,4.912337454240979,0.1126196931641134,-0.0345556287050651,1,1,0.6899326,-0.24046974778175353,Bearish,BUY
2026-01-21 00:00:00-05:00,248.02490552393743,250.8771427168815,244.51445623630568,246.97775268554688,54641700,0.0,0.0,263.18163146972654,269.8588555908203,9.441679909105474,-5.6871649627651095,-3.92609502343039,280.1510412622704,246.21222167718273,5.2385935207810475,-0.319254991123431,0.0038508809593345,1,1,0.6336061,-0.24046974778175353,Bearish,BUY
2026-01-22 00:00:00-05:00,248.52352576906395,250.31864258405668,247.47637302553753,247.67584228515625,39708300,0.0,0.0,262.05370025634767,269.4627337646484,11.871421183911323,-6.01421987473114,-4.343719993690541,280.01890970739805,244.08849080529728,5.339746111785312,-0.2732967678531232,0.0028265282683099,0,0,0.53095543,-0.24046974778175353,Bearish,STRONG SELL
2026-01-23 00:00:00-05:00,246.6486524137701,248.7329754164565,244.01580413580567,247.36668395996097,41689000,0.0,0.0,260.8410011291504,269.0360952758789,12.083059510862569,-6.226583562472456,-4.720292707446924,279.35316149380526,242.3288407644956,5.046972691102558,0.0498812590818544,-0.0012482377059582,1,1,0.70395315,-0.24046974778175353,Bearish,BUY
2026-01-26 00:00:00-05:00,250.7973351598156,255.86354695988197,249.12190294519743,254.7166748046875,55969200,0.0,0.0,259.9234977722168,268.64037200927737,32.527209935901766,-5.7356830958816545,-4.92337078513387,277.6882041943953,242.1587913500383,5.271361625233248,0.342541197917916,0.0297129375996172,1,1,0.7595647,-0.24046974778175353,Bearish,BUY
2026-01-27 00:00:00-05:00,258.4664593428383,261.23891141767155,257.50904348719195,257.5688781738281,49648300,0.0,0.0,259.169051361084,268.3371969604492,43.58324147651986,-5.058184363596951,-4.950333500826487,275.9087023813663,242.4294003408016,5.350431904652377,-0.1129353287165083,0.0111975526193079,0,0,0.5259026,-0.24046974778175353,Bearish,STRONG SELL
2026-01-28 00:00:00-05:00,256.9505880888889,258.1572949521919,253.81911240916085,255.7438812255859,41288000,0.0,0.0,258.30540161132814,268.00789306640627,43.85854811662722,-4.615321189004618,-4.883331038462113,273.7706585758129,242.84014464684336,5.384624259702958,-0.1683904584849833,-0.0070854715103062,1,1,0.78371906,-0.24046974778175353,Bearish,BUY
2026-01-29 00:00:00-05:00,257.29964922744847,258.94516415300217,253.7193980705993,257.5788879394531,67253000,0.0,0.0,257.5674118041992,267.72606018066404,48.82055894403532,-4.06937006149127,-4.720538843067945,271.5507067080454,243.58411690035297,5.428080177432946,0.6288752179810115,0.0071751734785341,1,1,0.7549388,-0.24046974778175353,Bearish,BUY
2026-01-30 00:00:00-05:00,254.47732177254832,261.1890484668085,251.49543285360957,258.775634765625,92443400,0.0,0.0,256.9500930786133,267.56689392089845,50.16622801582472,-3.4997890032435635,-4.476388875103068,269.4222987218491,244.47788743537748,5.836255633111814,0.374561729588271,0.0046461370951069,1,1,0.6642288,-0.24046974778175353,Bearish,BUY
2026-02-02 00:00:00-05:00,259.3241487899344,269.7557466562268,258.50636737104884,269.2770690917969,73913400,0.0,0.0,256.90023040771484,267.61815490722654,61.41794945228037,-2.1759311452266843,-4.0162973291277915,269.15421031209615,244.64625050333353,6.319226712477461,-0.2004469762038176,0.040581232988504,0,1,0.5920555,-0.24046974778175353,Bearish,BUY
2026-02-03 00:00:00-05:00,268.4692659190308,271.1419837262723,266.88355520832346,268.7485046386719,64394700,0.0,0.0,257.0109298706055,267.6365057373047,59.92472675892749,-1.156088322297819,-3.444255527761797,269.6648427623987,244.35701697881228,6.379778821380548,-0.1287817905819512,-0.0019629018353019,1,1,0.63250643,-0.24046974778175353,Bearish,BUY
2026-02-04 00:00:00-05:00,271.5508603406617,278.19278500760885,271.5508603406617,275.73944091796875,90545700,0.0,0.0,257.71551208496095,267.84074951171874,67.07997725974919,0.2137901546678335,-2.712646391275871,272.7935899344003,242.6374342355216,6.690359933544556,0.4061048502438864,0.026012930894987,0,0,0.5479041,-0.24046974778175353,Bearish,STRONG SELL
2026-02-05 00:00:00-05:00,277.3749854862336,278.7412615768201,272.48829324857786,275.1610107421875,52977400,0.0,0.0,258.4923980712891,267.9289093017578,68.74208574676204,1.2384778345111729,-1.9224215461184624,275.46630880447503,241.51848733810309,6.852772701106931,-0.4149098190195669,-0.0020977418894285,1,1,0.64670247,-0.24046974778175353,Bearish,BUY
2026-02-06 00:00:00-05:00,276.3677353153735,280.14745564173626,276.1782486476445,277.3650207519531,50453400,0.0,0.0,259.44380645751954,267.9727893066406,74.16045298179964,2.20300057209613,-1.097337122475544,278.39853340988816,240.48907950515093,6.926145590453032,-0.0476429571855168,0.0080098921130604,0,0,0.76233137,-0.24046974778175353,Bearish,STRONG SELL
2026-02-09 00:00:00-05:00,277.41494619870406,277.70443813431814,271.2160169672847,274.13079833984375,44623400,0.26,0.0,260.21705017089846,267.93104248046876,84.22611624657617,2.6755747117212536,-0.3427547556361844,280.2682082341868,240.16589210761015,6.5269524341544685,-0.1155521728961774,-0.0116605273561215,0,0,0.6388638,-0.24046974778175353,Bearish,STRONG SELL
2026-02-10 00:00:00-05:00,274.40031021957236,274.87943562430115,272.4537718732244,273.19244384765625,34376900,0.0,0.0,260.8994964599609,267.8589599609375,81.93630755114438,2.9404797367034803,0.3138921428317484,281.766619936085,240.03237298383684,6.245736524904534,-0.2296216783122756,-0.0034230173985201,1,1,0.5038166,-0.24046974778175353,Bearish,BUY
2026-02-11 00:00:00-05:00,274.2106536370846,279.6808719096702,273.9610989943363,275.00921630859375,51931300,0.0,0.0,261.63289031982424,267.7972839355469,82.41560419420264,3.259444385790573,0.9030025914235134,283.4278212795172,239.8379593601313,6.470560679440545,0.5106452297909352,0.0066501563343039,0,0,0.74198854,-0.24046974778175353,Bearish,STRONG SELL
2026-02-12 00:00:00-05:00,275.0990585104662,275.22883180172755,259.71650632997444,261.2637634277344,81077200,0.0,0.0,261.7333618164063,267.3759295654297,62.49802050876424,2.3756974350547466,1.19754156014976,283.5006339926307,239.96608964018185,7.241643121662136,0.5612395607273455,-0.0499817899391245,0,0,0.5870334,-0.24046974778175353,Bearish,STRONG SELL
2026-02-13 00:00:00-05:00,261.5432690161623,261.7628783299504,254.9949421084194,255.32435607910156,56290700,0.0,0.0,261.6241264343262,266.77415435791016,50.56073084665922,1.182430748575257,1.1945193978348596,283.50230190061984,239.74595096803247,7.118148351777135,-0.3057148002151036,-0.0227333759213632,1,1,0.7483505,-0.24046974778175353,Bearish,BUY
2026-02-17 00:00:00-05:00,257.5903108294174,265.8156532326085,255.08478749757865,263.4099426269531,58469100,0.0,0.0,262.0528060913086,266.3747799682617,54.91507247805936,0.8790642573036962,1.131428369728627,283.70580669465915,240.399805487958,7.418764717637552,0.0386991101549634,0.0316679014568692,1,1,0.68611115,-0.24046974778175353,Bearish,BUY
2026-02-18 00:00:00-05:00,263.13045584681157,266.3447212846438,261.9825104325609,263.8791198730469,34203300,0.0,0.0,262.94524612426756,266.05360137939454,57.00539433404401,0.668793376282963,1.038901371039494,283.24684273715735,242.64364951137776,7.420481025426972,-0.4150192152778134,0.0017811675649548,0,0,0.5536736,-0.24046974778175353,Bearish,STRONG SELL
2026-02-19 00:00:00-05:00,262.13220471573277,264.00886051677537,259.5867290635135,260.11578369140625,30845300,0.0,0.0,263.60214767456057,265.69545196533204,52.11434649552963,0.1962205020044507,0.8703651972324855,282.5322130783579,244.6720822707632,7.363078551916904,-0.0981776612198238,-0.0142615913811262,1,1,0.625562,-0.24046974778175353,Bearish,BUY
2026-02-20 00:00:00-05:00,258.50868117461044,264.2783836675007,257.7001265171608,264.1086730957031,42070500,0.0,0.0,264.4237892150879,265.4349124145508,54.246822289273744,0.1422560600833549,0.7247433698026594,281.8065241772673,247.04105425290845,7.14055294742697,0.3639193005093157,0.0153504310566325,1,1,0.7277357,-0.24046974778175353,Bearish,BUY
2026-02-23 00:00:00-05:00,263.0206001676805,268.95002088588865,262.91081074777924,265.705810546875,37308200,0.0,0.0,265.3407455444336,265.2204769897461,46.68617756331838,0.2257620511494451,0.6249471060720165,280.75871227465615,249.92277881421109,6.768398008350646,-0.1131980841682414,0.0060472737697376,1,0,0.6445415,-0.24046974778175353,Bearish,STRONG SELL
2026-02-24 00:00:00-05:00,267.38283777638213,274.4003442568012,267.233111068832,271.6552429199219,47014600,0.0,0.0,266.1876739501953,265.0931167602539,52.450662812076914,0.7632127798784722,0.6526002408333077,280.9973173908009,251.37803050958968,7.085262664920456,0.2601680059611559,0.0223910510681033,1,1,0.8175709,-0.24046974778175353,Bearish,BUY
2026-02-25 00:00:00-05:00,271.29586819299504,274.45024283739696,270.567157599074,273.74151611328125,33714300,0.0,0.0,266.99630584716795,265.02244232177736,48.16368833077619,1.342021180718973,0.7904844288104408,281.588989589906,252.40362210442984,6.688034441305169,-0.2828972276697026,0.0076798561696611,0,0,0.6983808,-0.24046974778175353,Bearish,STRONG SELL
2026-02-26 00:00:00-05:00,274.4602128097023,275.61811956353745,270.31758130113775,272.4637756347656,32345100,0.0,0.0,267.83230056762693,264.9212258911133,47.55240901462745,1.6782818420005583,0.9680439114484644,281.6033144578713,254.06128667738255,6.620003722316418,-0.0406118471983698,-0.0046676897850849,0,0,0.7345569,-0.24046974778175353,Bearish,STRONG SELL
2026-02-27 00:00:00-05:00,272.3240439665745,272.3240439665745,262.4217314181026,263.70941162109375,72366500,0.0,0.0,268.13882675170896,264.72809661865233,38.92491753095806,1.2242543836005666,1.0192860058788848,281.2036891386128,255.0739643648051,6.981117959253153,1.237324973489029,-0.0321303776741572,1,1,0.5921635,-0.24046974778175353,Bearish,BUY
2026-03-02 00:00:00-05:00,261.94253069595567,266.05518620599753,259.73647625260065,264.2484130859375,41827900,0.0,0.0,268.41246566772463,264.53577423095703,41.61869414313334,0.8975805158548269,0.9949449078740732,280.86658253380875,255.9583488016405,6.968995729707684,-0.4219991294314358,0.0020439219879577,0,0,0.7073735,-0.24046974778175353,Bearish,STRONG SELL
2026-03-03 00:00:00-05:00,263.0106738027697,265.08695529305965,259.6666350681776,263.2801818847656,38568900,0.0,0.0,268.11262130737305,264.3793368530273,41.597613634835014,0.5541727969764452,0.9067904856945476,280.76625438484047,255.45898822990563,7.182899763550921,-0.0779145020428948,-0.0036640946670775,0,0,0.72890073,-0.24046974778175353,Bearish,STRONG SELL
2026-03-04 00:00:00-05:00,264.17854815272653,265.67587606267574,260.95432154975975,262.0523376464844,39803100,0.0,0.0,267.7778129577637,264.19136138916014,38.905998172996725,0.180858117343007,0.7616040120242396,280.71185047287645,254.84377544265092,7.056694510043924,0.0319998755473969,-0.0046636409527347,0,0,0.7415529,-0.24046974778175353,Bearish,STRONG SELL
2026-03-05 00:00:00-05:00,260.3254337562426,261.09405110124777,256.79173142961054,259.8263244628906,49658600,0.0,0.0,266.98215713500974,263.9293453979492,48.46677868580844,-0.291259656187492,0.5510312783818933,279.81141306242534,254.15290120759417,6.3244288489811185,0.2476063422195757,-0.0084945366394583,0,0,0.75848746,-0.24046974778175353,Bearish,STRONG SELL
2026-03-06 00:00:00-05:00,258.16927189629365,258.3090066542827,253.916851068475,257.0013427734375,41120000,0.0,0.0,266.0741737365723,263.6646829223633,51.91603030278728,-0.8831879650217616,0.2641874297011622,279.03594683083196,253.11240064231256,6.2631100756157325,-0.1719460476131022,-0.010872576884936,1,1,0.5743545,-0.24046974778175353,Bearish,BUY
2026-03-09 00:00:00-04:00,255.2345148744848,260.68477987096253,253.22808575123491,259.41705322265625,38218500,0.0,0.0,265.1767753601074,263.4206106567383,44.7589054024065,-1.1441783937716536,-0.0174857349934009,277.30558810704684,253.04796261316795,6.029240674522713,-0.0705617704280155,0.0093996024423435,1,0,0.7174176,-0.24046974778175353,Bearish,STRONG SELL
2026-03-10 00:00:00-04:00,257.19102845716964,262.01244158439727,256.4922936817907,260.3653564453125,30590800,0.0,0.0,264.48850326538087,263.16658294677734,45.44510140414256,-1.2599708840757555,-0.2659827648098719,276.0257593791371,252.9512471516246,6.1119504638458295,-0.1995813545795883,0.0036555161307854,0,0,0.71476364,-0.24046974778175353,Bearish,STRONG SELL
2026-03-11 00:00:00-04:00,260.624897946549,261.6630538494394,259.08763272962494,260.34539794921875,26218900,0.0,0.0,263.846150970459,262.920334777832,50.32964144264134,-1.337924984326378,-0.4803712087131731,274.75649115617875,252.9358107847393,5.980042582885297,-0.1429155170835676,-7.665572857407099e-05,0,0,0.55318534,-0.24046974778175353,Bearish,STRONG SELL
2026-03-12 00:00:00-04:00,258.1992408199258,258.48873275942157,253.7272102811576,255.3043975830078,40794000,0.0,0.0,262.8609100341797,262.56608520507814,37.72957197036878,-1.785884209071412,-0.7414738087848209,273.06258443995375,252.6592356284057,5.982894762722531,0.555900514514339,-0.0193627404437324,0,0,0.6274123,-0.24046974778175353,Bearish,STRONG SELL
2026-03-13 00:00:00-04:00,255.024890934378,255.87336762960535,249.07551643845036,249.6744384765625,36930000,0.0,0.0,262.2814437866211,262.11280029296876,29.914997874182177,-2.5656110037980966,-1.106301247787476,274.0598253701381,250.50306220310404,6.0370834093686465,-0.0947198117370201,-0.0220519472431525,1,1,0.71706015,-0.24046974778175353,Bearish,BUY
2026-03-16 00:00:00-04:00,251.66090222791988,253.43773019062647,249.4348789230203,252.36964416503903,32074200,0.0,0.0,262.13370819091796,261.73775299072264,23.692789303116527,-2.932268169773294,-1.4714946321846398,274.34565214321276,249.92176423862315,5.701963234917216,-0.1314865962632007,0.0107948803446675,1,1,0.5696485,-0.24046974778175353,Bearish,BUY
2026-03-17 00:00:00-04:00,252.5093881906664,254.67552076289968,251.7307636559193,253.7771148681641,32361600,0.0,0.0,261.65206680297854,261.4078088378906,22.253000688380112,-3.0738421534672966,-1.7919641364411711,274.4001464584948,248.90398714746223,5.634939796964174,0.0089604729034551,0.0055770205952525,0,0,0.60210055,-0.24046974778175353,Bearish,STRONG SELL
2026-03-18 00:00:00-04:00,252.1799767808244,254.48585937367065,248.55643828829037,249.49476623535156,35757900,0.0,0.0,260.93284912109374,261.0670138549805,20.53773967859786,-3.491344257799881,-2.131840160712913,274.73165914627225,247.13403909591523,5.679859998605644,0.1049484574310293,-0.0168744476232112,0,0,0.6082383,-0.24046974778175353,Bearish,STRONG SELL
2026-03-19 00:00:00-04:00,248.95572868612365,251.38140795985737,246.85947863088072,248.5165252685547,34864100,0.0,0.0,260.3528861999512,260.80438842773435,25.65575698421958,-3.856695963584969,-2.4768113212873244,275.2292493896687,245.4765230102336,5.285566078056614,-0.0249958750374043,-0.0039208877266551,0,0,0.5769006,-0.24046974778175353,Bearish,STRONG SELL
2026-03-20 00:00:00-04:00,247.53824109812177,248.75606899357115,245.56177255944445,247.54823303222656,88331100,0.0,0.0,259.52486419677734,260.5628872680664,23.603698163700713,-4.176231911886248,-2.816695439407109,275.33522164210865,243.71450675144604,5.06239368382303,1.5335832561287974,-0.0038962891312026,1,1,0.759807,-0.24046974778175353,Bearish,BUY
2026-03-23 00:00:00-04:00,253.51758537106093,254.1464679788293,249.83415620831627,251.04200744628903,40546100,0.0,0.0,258.791674041748,260.4169903564453,32.08651102829339,-4.100282551605773,-3.073412861846842,274.7544502605595,242.82889782293657,5.146530449660219,-0.5409759416558834,0.014113509804805,1,1,0.755097,-0.24046974778175353,Bearish,BUY
2026-03-24 00:00:00-04:00,249.90403139868116,254.37604644028636,249.10545347620703,251.1917266845703,45152300,0.0,0.0,257.7684982299805,260.2675064086914,33.58480992806717,-3.982107785351019,-3.255151846547678,272.8590919375219,242.6779045224391,5.185747481886172,0.1136040211019062,0.0005963911769359,1,1,0.6508027,-0.24046974778175353,Bearish,BUY
2026-03-25 00:00:00-04:00,253.6473574345128,254.5457480998694,251.15181088451408,252.16998291015625,28476700,0.0,0.0,256.6899215698242,260.1200357055664,37.97429036794742,-3.766103038405532,-3.357342084919249,269.9456103892532,243.4342327503952,5.052413981777706,-0.3693189494222886,0.00389446037295,1,1,0.67194813,-0.24046974778175353,Bearish,BUY
2026-03-26 00:00:00-04:00,251.67088153367663,256.5421934269488,250.32329549316128,252.43951416015625,41796700,0.0,0.0,255.68870849609377,259.96199920654294,42.20939904562767,-3.5324489285376046,-3.39236345364292,266.77536284952527,244.6020541426622,5.074515734589986,0.4677508278698024,0.0010688474769657,0,1,0.5062493,-0.24046974778175353,Bearish,BUY
2026-03-27 00:00:00-04:00,253.4477020992108,255.03488128462607,247.6281009352486,248.35679626464844,47900000,0.0,0.0,254.92107772827148,259.7440484619141,32.129041611008304,-3.6348176611484178,-3.4408542951440197,265.7933618151283,244.04879364141465,5.070950465279261,0.1460234898927428,-0.0161730540049985,0,1,0.517284,-0.24046974778175353,Bearish,BUY
2026-03-30 00:00:00-04:00,249.62453299565456,250.4230956915925,245.07264337813007,246.1906585693359,39446200,0.0,0.0,254.0181900024414,259.5176803588867,27.964013817191216,-3.846395969672983,-3.5219626300498126,264.6250207203029,243.41135928457985,5.058829351768968,-0.1764885177453027,-0.0087218780717571,1,1,0.7669394,-0.24046974778175353,Bearish,BUY
2026-03-31 00:00:00-04:00,247.4683905467953,255.0248978486836,246.65983587287727,253.33790588378903,49598100,0.0,0.0,253.52107620239255,259.4877114868164,41.082324266195656,-3.3981780954874807,-3.4972057231373466,263.1907131646889,243.8514392400963,5.505887791735627,0.2573606583143624,0.0290313505637753,1,1,0.8113633,-0.24046974778175353,Bearish,BUY
2026-04-01 00:00:00-04:00,253.6273948962928,255.7236449097363,252.8787309132899,255.1746368408203,40059400,0.0,0.0,253.17719116210935,259.6705978393555,49.82020442232847,-2.8617647206161223,-3.3701175226331017,262.02348836794374,244.33089395627505,5.236368243763143,-0.1923198670916829,0.0072501229163621,1,1,0.64802766,-0.24046974778175353,Bearish,BUY
2026-04-02 00:00:00-04:00,253.7471740568136,255.6737439434535,250.2034948550391,255.464111328125,31289400,0.0,0.0,252.9590805053711,259.840325012207,59.41558796057797,-2.3857931462098065,-3.173252647348443,261.31672072544313,244.60144028529908,5.141539522138809,-0.218924896528655,0.0011344171618641,1,1,0.7536936,-0.24046974778175353,Bearish,BUY
2026-04-06 00:00:00-04:00,256.0530752925303,261.6930045642991,256.0031460821725,258.39886474609375,29329900,0.0,0.0,253.0289566040039,260.0547854614258,59.7293526634568,-1.7515810343873,-2.8889183247562147,261.5506555659093,244.50725764209847,5.3005425198936615,-0.0626250423466093,0.0114879283931952,0,0,0.5982552,-0.24046974778175353,Bearish,STRONG SELL
2026-04-07 00:00:00-04:00,255.7036812801697,255.7436185540334,245.2623079794448,253.0484161376953,62148000,0.0,0.0,252.71052474975585,260.16842010498044,48.956846161239305,-1.6615465789639927,-2.6434439755977706,260.68557203271195,244.73547746679975,6.028528209869988,1.118929829286837,-0.0207061614363355,1,1,0.719544,-0.24046974778175353,Bearish,BUY
2026-04-08 00:00:00-04:00,257.9896321241455,259.28730423338584,256.07303883918246,258.4388122558594,41032800,0.0,0.0,252.6141975402832,260.24286285400393,62.40997240473452,-1.1420686505712183,-2.3431689105924605,260.23878107507267,244.98961400549376,6.0506329963207195,-0.3397567097895346,0.0213018370177464,1,1,0.7084884,-0.24046974778175353,Bearish,BUY
2026-04-09 00:00:00-04:00,258.5386343954405,260.6548530924392,255.61386101634736,260.0259704589844,28121600,0.0,0.0,252.59822616577148,260.29200469970704,65.70413271800672,-0.5954443354777652,-1.9936239955695216,260.15566402476156,245.04078830678145,6.087708906828951,-0.3146555925990915,0.0061413306665165,0,0,0.64467525,-0.24046974778175353,Bearish,STRONG SELL
2026-04-10 00:00:00-04:00,259.5168819122501,261.7229364827484,258.5585701252562,260.0159912109375,31291500,0.0,0.0,252.833805847168,260.37744689941405,67.46853753240529,-0.1611877968814781,-1.627136755831913,261.0144703037026,244.65314139063335,6.085571044212202,0.1127211822940372,-3.837788982874457e-05,0,0,0.59282494,-0.24046974778175353,Bearish,STRONG SELL
2026-04-13 00:00:00-04:00,259.2673359057164,259.71651601158027,256.2027973984465,258.73828125,36234700,0.0,0.0,253.28699798583983,260.400634765625,61.49718236595552,0.0789530019653739,-1.2859188042724556,261.7307325340567,244.84326343762297,5.886639534632796,0.1579726123707716,-0.004913966848681,0,0,0.648775,-0.24046974778175353,Bearish,STRONG SELL
2026-04-14 00:00:00-04:00,258.7881922504944,261.4634109961452,256.7318642110386,258.3689270019531,48370700,0.0,0.0,253.58696212768555,260.3925006103516,60.65185893751577,0.2367335966369523,-0.981388324090574,262.3149449185411,244.85897933683003,5.848136236134745,0.3349275694293039,-0.0014275206833038,1,1,0.57032305,-0.24046974778175353,Bearish,BUY
2026-04-15 00:00:00-04:00,257.7001261657452,266.08515659729386,257.35074355126085,265.95538330078125,49913500,0.0,0.0,254.1958755493164,260.32606689453127,67.10428265913814,0.962840449956957,-0.5925425692810679,264.53099880361685,243.8607522950159,6.229598795468866,0.031895341601424,0.0293628819334408,0,0,0.5592764,-0.24046974778175353,Bearish,STRONG SELL
2026-04-16 00:00:00-04:00,266.3247234477873,266.68409800240715,260.80457553569033,262.9307861328125,43323100,0.0,0.0,254.86767654418944,260.20971252441404,62.18409006171116,1.279476638447079,-0.2181387277354385,265.65306698265414,244.08228610572476,6.205357690678101,-0.1320364230118104,-0.011372573588962,1,1,0.6306678,-0.24046974778175353,Bearish,BUY
2026-04-17 00:00:00-04:00,266.4844323486072,271.8149160854778,266.24486962975914,269.7486267089844,61436200,0.0,0.0,255.92928161621097,260.0898962402344,73.35950207629281,2.0568458162642287,0.2368581810644949,268.1647565410728,243.6938066913491,6.310882662341519,0.4180933497372072,0.0259301722573028,1,1,0.59455615,-0.24046974778175353,Bearish,BUY
2026-04-20 00:00:00-04:00,269.84841238867654,273.7913879220191,269.80850557942483,272.5635681152344,36590200,0.0,0.0,257.1800483703613,260.03794738769534,78.39638602951203,2.867009633955547,0.7628884716427055,270.8396444499571,243.52045229076543,6.217476155168113,-0.404419544177537,0.0104354244193682,0,0,0.65516734,-0.24046974778175353,Bearish,STRONG SELL
2026-04-21 00:00:00-04:00,271.0163536236942,272.3140256362382,264.9272139873882,265.69586181640625,50209800,0.0,0.0,257.91274108886716,259.8045642089844,63.38671218100213,2.921229676582641,1.1945567126306926,271.7568615881325,244.0686205896018,6.131912930060862,0.3722198840126591,-0.0251967140961575,1,1,0.6312304,-0.24046974778175353,Bearish,BUY
2026-04-22 00:00:00-04:00,267.3429346055621,273.2523721409737,266.39461467279705,272.68341064453125,43249200,0.0,0.0,258.98732528686526,259.77561645507814,67.06229953799874,3.4878307028037625,1.6532115106653067,273.92783513809275,244.04681543563777,6.468455524926654,-0.1386303072308593,0.0262990502763393,1,1,0.663417,-0.24046974778175353,Bearish,BUY
2026-04-23 00:00:00-04:00,274.56001085217736,275.2787294551341,271.1660737405759,272.9429016113281,33399600,0.0,0.0,260.02597122192384,259.77062561035154,67.0430401894911,3.912701661407482,2.105109540813742,275.8340018946903,244.21794054915745,6.371484569651216,-0.2277406287283926,0.0009516199250387,0,1,0.53611827,-0.24046974778175353,Bearish,BUY
2026-04-24 00:00:00-04:00,272.2741016414235,272.5735550213531,269.16962610782736,270.5771179199219,38157100,0.0,0.0,260.93285140991213,259.68198364257813,62.00788254537971,4.012265090498715,2.4865406507507366,276.98749128820646,244.8782115316178,6.196083303031693,0.1424418256506066,-0.0086676871881985,0,0,0.60831904,-0.24046974778175353,Bearish,STRONG SELL
2026-04-27 00:00:00-04:00,265.6159889280984,267.88193422863776,264.59781690250213,267.1332702636719,41466800,0.0,0.0,261.8716751098633,259.7993737792969,64.43037187091682,3.769823917459064,2.7431973040924023,276.999061740925,246.7442884788016,5.684850749515322,0.0867387720764942,-0.0127277860106013,1,1,0.5688822,-0.24046974778175353,Bearish,BUY
2026-04-28 00:00:00-04:00,271.8548539018017,272.7432830913257,268.181416710472,270.2277526855469,40018900,0.0,0.0,263.07352981567385,260.0974417114258,62.67440013963822,3.783769471751839,2.9513117376242897,276.7002862578295,249.4467733735182,5.639931087512699,-0.034917090298745,0.0115840397522204,0,0,0.5557455,-0.24046974778175353,Bearish,STRONG SELL
2026-04-29 00:00:00-04:00,267.07336249706583,270.55716597281076,266.56429174844374,269.688720703125,30047900,0.0,0.0,263.8910705566406,260.2230172729492,60.62803732294661,3.708575893505952,3.1027645688006222,277.011013213425,250.77112789985628,5.565065526675211,-0.2491572731884185,-0.0019947321363735,1,1,0.7525392,-0.24046974778175353,Bearish,BUY
2026-04-30 00:00:00-04:00,270.018146234023,275.50834883767226,267.6623648300734,270.86663818359375,91848200,0.0,0.0,264.6756706237793,260.36276763916015,61.63565605315656,3.7013654999489063,3.2224847550302793,277.47371023061424,251.87763101694435,5.899466787397115,2.0567260940032415,0.0043676927881808,1,1,0.7670327,-0.24046974778175353,Bearish,BUY
2026-05-01 00:00:00-04:00,278.3632420760759,286.70836594964845,277.8741246788477,279.6409912109375,79915400,0.0,0.0,265.88451461791993,260.7532717895508,69.31025072257675,4.353483917435085,3.4486845875112406,279.5564879019144,252.21254133392543,6.758647784080234,-0.129918713703698,0.0323936276766445,0,0,0.58055234,-0.24046974778175353,Bearish,STRONG SELL
2026-05-04 00:00:00-04:00,279.16179801165765,280.13007120517506,274.3703307853319,276.3368225097656,46668400,0.0,0.0,266.7814125061035,260.99783477783205,65.7452443784558,4.55121014394831,3.6691896987986543,280.73630845018016,252.8265165620268,6.832090186561418,-0.4160274490273464,-0.0118157523575629,1,1,0.7808715,-0.24046974778175353,Bearish,BUY
2026-05-05 00:00:00-04:00,276.43668191704,284.0630869835518,276.00745521106614,283.67376708984375,49311700,0.0,0.0,268.31268005371095,261.3571939086914,65.5947926034082,5.23954153983874,3.983260067006672,282.6387451610123,253.9866149464096,6.783605809879463,0.0566400390842625,0.0265507307836936,1,1,0.7376585,-0.24046974778175353,Bearish,BUY
2026-05-06 00:00:00-04:00,281.4178249779708,287.5169265187869,280.5693330033821,286.99786376953125,58336100,0.0,0.0,269.74063262939455,261.6640463256836,71.07148964367398,5.984292749929182,4.383466603591174,285.54025638217666,253.94100887661244,6.85989659907146,0.1830072781915854,0.0117180263574907,0,0,0.7309452,-0.24046974778175353,Bearish,STRONG SELL
2026-05-07 00:00:00-04:00,288.75470528792926,291.6096265406606,285.2709318587503,286.927978515625,45224300,0.0,0.0,271.0857330322266,261.92777557373046,67.05647729400565,6.4940153273245755,4.805576348337855,287.9478851182556,254.22358094619756,6.6780797940175285,-0.2247630540951486,-0.0002435044393305,1,1,0.6668871,-0.24046974778175353,Bearish,BUY
2026-05-08 00:00:00-04:00,289.49338424193445,294.2349225642168,289.48339230776435,292.7974853515625,52692800,0.0,0.0,272.7248077392578,262.3344497680664,68.94037862188945,7.287587517867848,5.301978582243854,291.33837103680133,254.1112444417143,6.911235710843032,0.1651435179759555,0.0204563767754626,0,0,0.7719722,-0.24046974778175353,Bearish,STRONG SELL
2026-05-11 00:00:00-04:00,291.72841688276577,293.6267735875138,289.979924827367,292.42779541015625,42247300,0.27,0.0,274.40928344726564,262.9088174438477,78.4886897606819,7.796791745698499,5.800941214934784,293.77579355435455,255.04277334017672,6.626271041721651,-0.1982339143108735,-0.0012626131025762,1,1,0.69885653,-0.24046974778175353,Bearish,BUY
2026-05-12 00:00:00-04:00,292.3078994315659,295.0155556946294,292.3078994315659,294.54595947265625,45748100,0.0,0.0,276.21813507080077,263.514768371582,75.9975265058702,8.27585895202509,6.295924762352845,296.02933308844223,256.4069370531593,6.2799243230428,0.0828644670783695,0.007243374589372,1,0,0.51436883,-0.24046974778175353,Bearish,STRONG SELL
2026-05-13 00:00:00-04:00,293.24708951115105,300.6607090744109,293.24708951115105,298.6124572753906,52684300,0.0,0.0,277.8509887695312,264.2214138793945,77.99030452109605,8.881277711023017,6.81299535208688,299.40705672377686,256.2949208152856,6.515707455092914,0.1516172256334143,0.0138059873916276,0,0,0.708225,-0.24046974778175353,Bearish,STRONG SELL
2026-05-14 00:00:00-04:00,299.5616620172475,300.1911240450107,295.12548538387824,297.9530334472656,35324900,0.0,0.0,279.6021011352539,264.93942779541015,81.00469915846492,9.201793895333084,7.290755060736121,301.73712304023,257.4670792302778,6.608019109209465,-0.3294985413111686,-0.0022082930971525,1,1,0.78181696,-0.24046974778175353,Bearish,BUY
2026-05-15 00:00:00-04:00,297.643304079477,302.93875555297063,296.26448829773227,299.9713134765625,54862800,0.0,0.0,281.1132354736328,265.7423275756836,88.43184190055352,9.509049211356569,7.734413890860211,304.5066645481177,257.7198063991479,6.657659554767938,0.5530914454110274,0.006773819369938,0,0,0.67884314,-0.24046974778175353,Bearish,STRONG SELL
2026-05-18 00:00:00-04:00,299.98126929450746,300.4009207908792,294.6558756451712,297.5833435058594,34483000,0.0,0.0,282.3642242431641,266.55396759033204,82.55383220824272,9.450917746631092,8.077714662014388,306.49683017034175,258.2316183159864,6.667304720343237,-0.3714684631480711,-0.0079606611146492,1,1,0.7002367,-0.24046974778175353,Bearish,BUY
2026-05-19 00:00:00-04:00,296.7140952726279,300.2510533099592,296.09463441963413,298.7123718261719,42243600,0.0,0.0,284.01504974365236,267.33987396240235,84.06057971035254,9.3877353226502,8.339718794141552,307.86210982381607,260.16798966348864,6.6789864821973834,0.2250558246092278,0.0037939903054091,1,0,0.66037726,-0.24046974778175353,Bearish,STRONG SELL
2026-05-20 00:00:00-04:00,297.9230626302997,302.5390768782648,297.82314269813475,301.98956298828125,38229800,0.0,0.0,285.48035736083983,268.1723580932617,84.80906546521948,9.492679039612426,8.570310843235728,309.9880376056629,260.97267711601677,6.455411494521038,-0.0950155763239875,0.0109710593574492,1,0,0.50851953,-0.24046974778175353,Bearish,STRONG SELL
2026-05-21 00:00:00-04:00,300.80056674721834,305.27671719779084,300.1411318265125,304.7271728515625,42965100,0.0,0.0,287.06957092285154,269.05999359130857,82.43752604396853,9.68510605436461,8.793269885461504,312.2665443088344,261.8725975368687,5.690687037751299,0.1238641060115406,0.0090652466137959,1,0,0.6726481,-0.24046974778175353,Bearish,STRONG SELL
2026-05-22 00:00:00-04:00,305.85620846339293,311.13165741506583,305.57645096183757,308.55389404296875,43670200,0.0,0.0,288.9684097290039,270.12498352050784,91.10263033099702,10.030761889688732,9.04076828630695,314.651411806999,263.28540765100877,5.736740190869881,0.0164109940393482,0.0125578600542797,0,0,0.5919243,-0.24046974778175353,Bearish,STRONG SELL
2026-05-26 00:00:00-04:00,309.29325163060713,311.5513139598484,307.4048960873393,308.0643005371094,48000500,0.0,0.0,291.0149612426758,271.29278076171875,87.70527920802915,10.148208297071392,9.262256288459838,315.8821499313846,266.14777255396694,5.457510626585844,0.0991591520075474,-0.0015867357868807,1,0,0.5988538,-0.24046974778175353,Bearish,STRONG SELL
2026-05-27 00:00:00-04:00,308.0643052358437,312.9900803339556,308.0343323058515,310.5821533203125,50430900,0.0,0.0,293.0326812744141,272.4570309448242,87.39096861095898,10.325429968785445,9.47489102452496,317.34050622963673,268.7248563191914,5.31523594892151,0.0506328059082716,0.0081731404087175,1,0,0.5990417,-0.24046974778175353,Bearish,STRONG SELL
2026-05-28 00:00:00-04:00,310.412282475935,312.5304508120942,309.30325358892543,312.24072265625,48220400,0.0,0.0,295.1602813720703,273.6263031005859,88.20664851180496,10.478917664661424,9.675696352552253,318.2851547284998,272.0354080156408,5.092986130439974,-0.0438322536381464,0.0053401952372549,0,0,0.5500841,-0.24046974778175353,Bearish,STRONG SELL
2026-05-29 00:00:00-04:00,311.5113496628706,314.7285763294451,309.2632884033746,311.7911071777344,70026800,0.0,0.0,297.20650482177734,274.8722299194336,84.27683485758533,10.44388693049848,9.829334468141498,318.44585041732364,275.96715922623105,4.961439264545597,0.4522235402443779,-0.0014399642515899,0,0,0.6100327,-0.24046974778175353,Bearish,STRONG SELL
2026-06-01 00:00:00-04:00,309.363197507879,310.67206624496237,304.7571540774977,306.0460510253906,48849900,0.0,0.0,298.5267578125,276.0228204345703,70.58284141300366,9.839127466445971,9.831293067802394,318.4079867578168,278.64552886718326,5.203375288837727,-0.3024113625069259,-0.0184259782273675,1,1,0.72954667,-0.24046974778175353,Bearish,BUY
2026-06-02 00:00:00-04:00,307.1950545511415,315.1781903378333,306.42572903356995,314.92840576171875,44534700,0.0,0.0,300.45633697509766,277.3704238891602,75.5766788749956,9.961750173388907,9.857384488919696,318.69254051353323,282.2201334366621,5.662266935221952,-0.0883359024276405,0.0290229352954181,0,0,0.5256176,-0.24046974778175353,Bearish,STRONG SELL
2026-06-03 00:00:00-04:00,313.9092501546009,316.6668815001487,308.5838566628498,309.9926452636719,50836700,0.0,0.0,301.77228088378905,278.5494366455078,63.97541505827681,9.550561996096746,9.796019990355108,318.6577038964745,284.8868578711036,5.710081597653312,0.1415076333735268,-0.015672643076158,1,0,0.7034081,-0.24046974778175353,Bearish,STRONG SELL
2026-06-04 00:00:00-04:00,312.96009909963743,313.26982953176514,309.38316692864953,310.9618225097656,44869100,0.0,0.0,302.9704788208008,279.7448385620117,65.85479431674477,9.196880987979624,9.67619218988001,318.8101949420715,287.13076269953007,5.625869022080678,-0.1173876353107106,0.0031264523881506,0,1,0.56924886,-0.24046974778175353,Bearish,BUY
2026-06-05 00:00:00-04:00,312.5903972939029,314.8984348439246,306.8853260765596,307.0751647949219,65310500,0.0,0.0,303.97783813476565,280.842942199707,58.28086769124376,8.504925953222482,9.441938942548504,317.9774626219669,289.9782136475644,5.721500558661153,0.4555785607467053,-0.0124988260085261,0,0,0.6633339,-0.24046974778175353,Bearish,STRONG SELL
2026-06-08 00:00:00-04:00,308.4739595974908,317.1265012321255,300.9105055796523,301.2801818847656,77949100,0.0,0.0,304.40197296142577,281.8197555541992,53.99225133209067,7.403595868164132,9.034270327671631,317.4575570567277,291.34638886612385,6.469425594858669,0.193515590908047,-0.0188715453886555,0,0,0.68435776,-0.24046974778175353,Bearish,STRONG SELL
2026-06-09 00:00:00-04:00,300.0212482417878,300.4908444635933,287.5320194610898,290.29962158203125,70108800,0.0,0.0,304.29556427001955,282.6586120605469,42.508909069070896,5.5804168216106405,8.343499626459433,317.7894088046023,290.8017197354368,7.1545501329551495,-0.1005823030670014,-0.0364463411899235,1,0,0.58705026,-0.24046974778175353,Bearish,STRONG SELL
2026-06-10 00:00:00-04:00,290.4894628291428,294.4960172141002,287.1323727394638,291.3287353515625,52793300,0.0,0.0,304.1347030639648,283.5613735961914,40.111214653793155,4.170500241719594,7.508899749511466,318.18322479537517,290.0861813325545,7.343672296848463,-0.2469804075950522,0.0035450055495178,1,1,0.5357834,-0.24046974778175353,Bearish,BUY
2026-06-11 00:00:00-04:00,293.4668864344149,296.7440586571729,289.3404406054596,295.375244140625,42572500,0.0,0.0,303.97284240722655,284.4021203613281,41.530971631723126,3.341136098291713,6.675347019267516,318.3597774022422,289.58590741221093,7.5056746311652445,-0.1936003242835738,0.013889837486094,0,1,0.50430274,-0.24046974778175353,Bearish,BUY
2026-06-12 00:00:00-04:00,295.7749221682621,296.88398158337014,289.3704417369658,290.879150390625,38742100,0.0,0.0,303.61914825439453,285.1162106323242,34.1856266431039,2.2946110018933155,5.799199815792676,318.94630473701204,288.291991771777,7.584892865658174,-0.0899735744905748,-0.0152216336310819,1,1,0.51832896,-0.24046974778175353,Bearish,BUY
2026-06-15 00:00:00-04:00,293.8665449684006,297.5233947188816,291.4486474146935,296.1645812988281,45732600,0.0,0.0,303.42881164550784,285.93022003173826,40.194327984678274,1.8701643349775168,5.013392719629644,319.03864327875857,287.8189800122571,7.763309041068709,0.1804367858221418,0.0181705388684794,1,1,0.5248017,-0.24046974778175353,Bearish,BUY
2026-06-16 00:00:00-04:00,294.99559499590845,300.2210994929347,293.71669913987887,298.9821472167969,39874400,0.0,0.0,303.4987518310547,286.7418856811523,40.48828167031929,1.741071329169472,4.35892844153761,319.0105334408091,287.9869702213002,7.873927064279546,-0.1280968062170093,0.0095135140927802,0,0,0.5630461,-0.24046974778175353,Bearish,STRONG SELL
2026-06-17 00:00:00-04:00,300.59074812548096,301.8096980081642,294.10632015937927,295.6949768066406,42745100,0.0,0.0,303.34788208007814,287.5948168945313,36.7858248333516,1.3578643964108892,3.7587156325122657,319.11231398972996,287.5834501704263,8.193654251823558,0.0719935597777019,-0.010994537435617,1,1,0.57648927,-0.24046974778175353,Bearish,BUY
2026-06-18 00:00:00-04:00,297.8530937792582,300.31099586682666,295.3652492546472,297.7532043457031,85962200,0.0,0.0,303.13606414794924,288.3811047363281,39.06954993522436,1.2063458978340122,3.248241685576615,319.0900459329436,287.1820823629549,8.156544157974196,1.0110422013283396,0.0069606442466163,0,1,0.57385504,-0.24046974778175353,Bearish,BUY
2026-06-22 00:00:00-04:00,297.05381866220307,302.1594314563154,296.5043047694293,296.75408935546875,44879900,0.0,0.0,302.7374099731445,289.1156671142578,42.18752164937026,0.994185811148668,2.7974305106910258,318.92079822422033,286.5540217220687,8.058056557020583,-0.4779112214438439,-0.0033555138136291,0,1,0.67143583,-0.24046974778175353,Bearish,BUY
2026-06-23 00:00:00-04:00,297.2836155142734,301.3800886038737,293.9264950024863,294.04638671875,52010900,0.0,0.0,302.0120346069336,289.79627502441406,30.408683303365905,0.6006346974415919,2.3580713480411393,318.3969684595846,285.62710075428254,7.938160434802346,0.1588907283661504,-0.0091243987322962,0,0,0.60229594,-0.24046974778175353,Bearish,STRONG SELL
2026-06-24 00:00:00-04:00,295.1054570720635,299.4417438827621,292.68755959702736,292.8274230957031,53081900,0.0,0.0,301.2501907348633,290.4780578613281,32.688415485415035,0.1882128270583507,1.9240996438445817,317.8655470843957,284.63483438533086,7.843243252547767,0.0205918374802205,-0.0041454807068002,0,0,0.54965055,-0.24046974778175353,Bearish,STRONG SELL
2026-06-25 00:00:00-04:00,287.1523472601469,288.55113481081804,273.5141152813601,274.91290283203125,107013700,0.0,0.0,299.4667282104492,290.8089373779297,22.904762931499164,-1.5661331360369672,1.2260530878682718,319.22465934716325,279.7087970737352,8.945146481921155,1.0160111073642804,-0.0611777410540438,1,1,0.6019867,-0.24046974778175353,Bearish,BUY
2026-06-26 00:00:00-04:00,274.7630284991681,285.70360492137456,273.9737007161028,283.53546142578125,261775500,0.0,0.0,298.0314651489258,291.16053894042966,33.48288371857974,-2.234933610914652,0.533855748111687,318.0510133822339,278.0119169156177,9.210631870343065,1.446186796643794,0.0313646922531616,0,1,0.6598958,-0.24046974778175353,Bearish,BUY
2026-06-29 00:00:00-04:00,286.4829438934296,288.12151489662153,279.6088673150861,281.4972229003906,66427000,0.0,0.0,296.5167709350586,291.53186767578126,35.34634056362454,-2.896047784301061,-0.1521249583708625,316.7360083937611,276.29753347635614,8.660392722418935,-0.7462443964389334,-0.0071886546929303,1,1,0.6746657,-0.24046974778175353,Bearish,BUY
2026-06-30 00:00:00-04:00,280.9277417485351,289.69017405322865,280.45814550695326,289.11065673828125,65100200,0.0,0.0,295.6700012207031,291.9191082763672,49.07307129356993,-2.7736718842530195,-0.6764343435472939,315.6256699611722,275.714332480234,8.337811731176048,-0.0199738058319659,0.0270462129588564,1,1,0.6600457,-0.24046974778175353,Bearish,BUY
2026-07-01 00:00:00-04:00,293.1871503157195,296.33442991747245,288.95081360688545,294.1263427734375,50164200,0.0,0.0,294.62989807128906,292.35036376953127,52.05340391255966,-2.2460728271743733,-0.99036204027271,312.40893268118737,276.85086346139076,8.339238290886803,-0.2294309387682372,0.0173486722756703,1,1,0.6378344,-0.24046974778175353,Bearish,BUY
2026-07-02 00:00:00-04:00,293.866538367699,309.15337194761725,293.4269150966668,308.3640441894531,75352800,0.0,0.0,294.5484680175781,293.2037274169922,58.29293869666554,-0.671344417904379,-0.9265585157990438,312.04389293298107,277.05304310217514,8.933726776546601,0.5021230279761264,0.0484067536479817,1,1,0.6160807,-0.24046974778175353,Bearish,BUY
2026-07-06 00:00:00-04:00,307.0951430290638,313.9292760509671,306.7354678654279,312.3905944824219,53590000,0.0,0.0,294.6199066162109,293.99787109375,63.817222743854266,0.8912740961240502,-0.5629919934144251,312.4067627523917,276.8330504800301,8.910888800770518,-0.2888120945737915,0.0130577814399623,0,0,0.58529615,-0.24046974778175353,Bearish,STRONG SELL
2026-07-07 00:00:00-04:00,315.0183186077797,315.20815732134815,309.88273318392555,310.3923034667969,42490000,0.0,0.0,294.7857635498047,294.7468591308594,59.54166977072027,1.945983060613571,-0.0611969826088258,313.1152225472436,276.4563045523658,8.816687358568089,-0.2071281955588729,-0.0063967707444452,1,1,0.55878496,-0.24046974778175353,Bearish,BUY
2026-07-08 00:00:00-04:00,311.6412289475945,314.5487250421545,306.7854009831778,313.1199645996094,41323500,0.0,0.0,295.37775268554685,295.59771606445315,59.49282323318427,2.9677367492486724,0.5445897637626738,315.28707081496725,275.46843455612645,8.906610480419582,-0.0274535184749352,0.0087877859803449,1,0,0.66100264,-0.24046974778175353,Bearish,STRONG SELL
2026-07-09 00:00:00-04:00,310.24243869469103,316.2572401947346,307.8944576262147,315.947509765625,48124500,0.0,0.0,296.66014709472654,296.57400085449217,63.682998389713966,3.959994817699055,1.22767077454995,318.4111121656947,274.9091820237584,8.953710817543506,0.1645794765690225,0.0090302295787214,0,0,0.64701426,-0.24046974778175353,Bearish,STRONG SELL
2026-07-10 00:00:00-04:00,314.4488202226986,316.6369356310425,311.9010296470402,315.0483093261719,34132300,0.0,0.0,297.846125793457,297.4704119873047,61.870814928514456,4.620545750030658,1.9062457696460915,320.919536951898,274.77271463501603,8.938722201245136,-0.2907500337665846,-0.0028460437625229,1,1,0.69417363,-0.24046974778175353,Bearish,BUY
2026-07-13 00:00:00-04:00,316.7468014245228,323.171283634363,315.5078797345754,317.03656005859375,43257800,0.0,0.0,298.92919158935547,298.41736877441406,63.73475491306353,5.244022513275354,2.5738011183719443,323.49927531385805,274.3591078648529,9.114997031338351,0.2673567266196535,0.0063109392228588,0,0,0.5989561,-0.24046974778175353,Bearish,STRONG SELL
2026-07-14 00:00:00-04:00,313.48965629761443,315.91755515351207,311.64124426456783,314.58868408203125,36336800,0.0,0.0,300.11466827392576,299.2918096923828,63.95982669101111,5.477468360840646,3.154534566865685,325.3288341337076,274.90050241414394,8.967977187955395,-0.1599942669298947,-0.0077211157480073,1,0,0.5159327,-0.24046974778175353,Bearish,STRONG SELL
2026-07-15 00:00:00-04:00,317.34631234952286,328.44675508114506,317.0465830462295,327.2178039550781,60957600,0.0,0.0,301.6673294067383,300.24334594726565,70.23281751711588,6.605397395263481,3.844707132545244,329.5414596685344,273.7931991449422,9.475397667482468,0.6775720481715506,0.0401448637922199,1,0,0.5275742,-0.24046974778175353,Bearish,STRONG SELL
2026-07-16 00:00:00-04:00,327.72736328456057,334.3915986652446,326.50841333986017,332.97283935546875,62970600,0.0,0.0,303.3668640136719,301.3760662841797,89.86146496815286,7.872918438272507,4.650349393690697,334.50543477135574,272.22829325598804,8.658960346842568,0.0330229536595929,0.0175877819936127,1,0,0.5496311,-0.24046974778175353,Bearish,STRONG SELL
2026-07-17 00:00:00-04:00,331.693929977533,334.7013154010385,328.71648699084636,333.452392578125,63407100,0.0,0.0,305.2547348022461,302.3716387939453,88.58513755148451,8.814525570206285,5.483184628993815,338.9113611157944,271.5981084886978,8.24859779005117,0.006931806271498,0.0014402172368908,0,0,0.56347513,-0.24046974778175353,Bearish,STRONG SELL
2026-07-20 00:00:00-04:00,333.2226134619852,333.4224228207836,323.4010672140761,326.3085632324219,53468000,0.0,0.0,306.68250274658203,303.1578527832031,82.10453589403858,8.881923397332457,6.162932382661544,341.405074372986,271.95993112017806,8.358503345944992,-0.1567505847136993,-0.0214238359199339,1,1,0.5931852,-0.24046974778175353,Bearish,BUY
2026-07-21 00:00:00-04:00,322.85156758462244,329.3159936819017,321.94234806189104,327.45758056640625,41338900,0.0,0.0,308.2176773071289,303.96844482421875,80.27771941221488,8.925168964916281,6.715379699112492,343.7963992272938,272.63895538696397,8.225761708354655,-0.226847834218598,0.003521260130602,0,1,0.6480348,-0.24046974778175353,Bearish,BUY
2026-07-22 00:00:00-04:00,327.58746619388995,328.7164973399543,323.0613709608057,325.60919189453125,38755900,0.0,0.0,309.79581756591796,304.62467895507814,76.16679298194352,8.709889684042764,7.114281696098547,345.52755098732945,274.06408414450647,8.102298141823342,-0.062483520364596,-0.0056446660012506,0,0,0.5856985,-0.24046974778175353,Bearish,STRONG SELL
2026-07-23 00:00:00-04:00,321.4527900194849,323.0214140443725,319.0748358849152,321.3828430175781,40840800,0.0,0.0,311.22358856201174,305.2037799072266,62.980721832807326,8.104820938939952,7.3123895446668286,346.37785556585834,276.06932155816514,7.445719510299455,0.0537956801416041,-0.0129798205399621,1,0,0.6240029,-0.24046974778175353,Bearish,STRONG SELL
2026-07-24 00:00:00-04:00,321.5127284115298,334.0818750563203,321.3428614810286,332.7330322265625,47489400,0.0,0.0,314.1145950317383,305.9675213623047,67.69821584367352,8.443829797038347,7.538677595141133,346.05924690654183,282.1699431569348,7.841805609567493,0.1627930892636775,0.0353167241362775,1,0,0.6942069,-0.24046974778175353,Bearish,STRONG SELL
2026-07-27 00:00:00-04:00,334.2517370375488,339.277401491225,333.73216560461384,336.61968994140625,49604300,0.0,0.0,316.76880645751953,306.727666015625,72.09229511610152,8.923255816424444,7.815593239397796,346.7782359935087,286.75937692153036,7.928873118656059,0.0445341486731776,0.0116810095133483,1,0,0.5794122,-0.24046974778175353,Bearish,STRONG SELL
2026-07-28 00:00:00-04:00,339.73698155301014,342.59453283396704,335.31080637618777,339.78692626953125,51859000,0.0,0.0,319.68329162597655,307.5643438720703,72.29744384830789,9.449841996632358,8.142442990844708,346.41215478418314,292.95442846776996,7.894616147141956,0.0454537207459837,0.009408945533389,0,0,0.5794122,-0.24046974778175353,Bearish,STRONG SELL
2026-07-29 00:00:00-04:00,339.43727163464206,344.2730974331505,337.0593175600121,337.8985900878906,56090800,0.0,0.0,322.12268829345703,308.32288940429686,68.64716157522219,9.604082505135809,8.434770893702929,345.8387746363956,298.40660195051845,7.812544526043276,0.0816020362907112,-0.0055574127067582,0,0,0.6578382,-0.24046974778175353,Bearish,STRONG SELL
2026-07-30 00:00:00-04:00,332.8129674612056,334.4615395264105,329.30598233808786,333.1426696777344,74817800,0.0,0.0,324.07350463867186,309.03407592773436,64.42568866267328,9.236088312353845,8.595034377433112,344.24738826786745,303.8996210094763,8.088023223600455,0.3338693689517711,-0.0140749933550157,0,0,0.63125277,-0.24046974778175353,Bearish,STRONG SELL
2026-07-31 00:00:00-04:00,304.54735603914753,310.4222943774597,299.7415030462749,308.6438293457031,132489100,0.0,0.0,324.0874938964844,309.232705078125,45.076211275337066,6.88819576089702,8.253666654125894,344.21584690937453,303.9591408835942,9.893608389548191,0.7708232532899926,-0.0735385844020827,0,0,0.54931843,-0.24046974778175353,Bearish,STRONG SELL
2026-08-03 00:00:00-04:00,309.313234694189,311.5313230344714,302.29929450581176,303.1585693359375,75052000,0.0,0.0,323.62589263916016,309.25608520507814,43.52502190354419,4.532610248168737,7.509455372934463,345.25144399445736,302.00034128386295,10.16765929916489,-0.4335232105886446,-0.0177721356729985,1,1,0.68455154,-0.24046974778175353,Bearish,BUY
2026-08-04 00:00:00-04:00,302.46913991298527,310.1525156602479,301.0603512911937,309.1134033203125,68001000,0.0,0.0,323.56194763183595,309.34380981445315,38.90518241286871,3.1104418566289382,6.629652669673359,345.3591416753742,301.7647535882977,9.827237397017775,-0.0939481959174972,0.0196426378360965,1,1,0.60975385,-0.24046974778175353,Bearish,BUY
2026-08-05 00:00:00-04:00,309.09342362565195,311.4414048335362,305.40663118634393,310.7320251464844,49438800,0.0,0.0,323.4425506591797,309.38737243652344,35.64238660573109,2.0898815604262495,5.721698447823937,345.5051205930297,301.3799807253297,9.69520799143262,-0.2729695151541889,0.0052363365961669,1,1,0.5028095,-0.24046974778175353,Bearish,BUY
2026-08-06 00:00:00-04:00,314.06913775686996,316.0174696892129,308.96355554648414,312.14080810546875,46139900,0.0,0.0,323.25221557617186,309.4689025878906,36.405352686271385,1.3788625152812983,4.85313126131541,345.650170888333,300.85426026401075,9.771571258042377,-0.0667269432105956,0.0045337552777839,1,0,0.55991083,-0.24046974778175353,Bearish,STRONG SELL
2026-08-07 00:00:00-04:00,311.1816431226555,314.53873325457766,310.47223295908327,313.05999755859375,34437200,0.0,0.0,323.15279998779295,309.5184594726563,40.81970478684149,0.8794084332628245,4.058386695704892,345.721079876826,300.58452009875987,9.344083753145624,-0.253635140084829,0.0029447910342259,0,0,0.5527357,-0.24046974778175353,Bearish,STRONG SELL
2026-08-10 00:00:00-04:00,306.8299865722656,308.260009765625,304.6099853515625,308.260009765625,44812500,0.27,0.0,322.7139724731445,309.43884521484375,37.33813024939455,0.0951714973903108,3.2657436560419764,346.1091581652072,299.3187867810818,9.42096708078995,0.3012817534526617,-0.0153324852437283,0,1,0.5102283,-0.24046974778175353,Bearish,BUY
2026-08-11 00:00:00-04:00,307.75,309.9700012207031,302.7900085449219,304.9100036621094,37476700,0.0,0.0,322.23003845214845,309.30122314453126,36.61290150676923,-0.7875806799685279,2.4550787888398755,346.70824375568947,297.75183314860743,9.529886101977995,-0.163699860529986,-0.0108674690111854,0,1,0.54142904,-0.24046974778175353,Bearish,BUY
2026-08-12 00:00:00-04:00,305.1000061035156,305.6600036621094,300.57000732421875,302.25,41657800,0.0,0.0,320.98164825439454,309.2253021240234,37.370037973791035,-1.6824143796632711,1.6275801551392464,346.8935297429321,295.06976676585697,9.426717553997609,0.111565319251695,-0.0087238976424568,1,0,0.54693615,-0.24046974778175353,Bearish,STRONG SELL
2026-08-13 00:00:00-04:00,304.2099914550781,306.0,302.04998779296875,305.260009765625,40349300,0.0,0.0,319.5960067749023,309.03193420410156,29.62053421856636,-2.124207361030585,0.8772226519052801,345.77053363380946,293.4214799159952,8.798931741979004,-0.0314106841935963,0.0099586758167906,1,0,0.7110468,-0.24046974778175353,Bearish,STRONG SELL
2026-08-14 00:00:00-04:00,306.0,307.489990234375,304.29998779296875,305.92999267578125,28229400,0.0,0.0,318.21988677978516,308.95068115234375,26.09353010535925,-2.392688041792667,0.2232405131656908,344.22045036224677,292.21932319732355,8.559334111746413,-0.3003744798546691,0.0021947942367905,0,0,0.5038595,-0.24046974778175353,Bearish,STRONG SELL
2026-08-17 00:00:00-04:00,306.2099914550781,307.6600036621094,302.94000244140625,305.5899963378906,38169300,0.0,0.0,317.18395843505857,308.84324462890623,22.134079896072738,-2.602891268297924,-0.3419858431270321,343.47689805765197,290.8910188124652,8.376210880526688,0.3521116283024081,-0.0011113534012042,1,1,0.53824544,-0.24046974778175353,Bearish,BUY
2026-08-18 00:00:00-04:00,307.5799865722656,311.489990234375,305.739990234375,310.0299987792969,53424500,0.0,0.0,316.3125793457031,308.90234130859375,28.19749313596752,-2.3837295983730655,-0.7503345941762388,342.32557002019655,290.2995886712097,8.282369025051404,0.3996719876969188,0.0145292794090581,1,1,0.55058646,-0.24046974778175353,Bearish,BUY
2026-08-19 00:00:00-04:00,310.1400146484375,319.2799987792969,309.6000061035156,316.8299865722656,50505600,0.0,0.0,315.87361907958984,309.21333740234377,37.63356977276829,-1.6424075589828817,-0.9287491871375676,341.51978009834306,290.2274580608366,8.36003937690701,-0.0546359816189201,0.021933322000267,0,0,0.5412561,-0.24046974778175353,Bearish,STRONG SELL
2026-08-20 00:00:00-04:00,317.4599914550781,320.2799987792969,310.6499938964844,311.29998779296875,40959200,0.0,0.0,315.3694763183594,309.6333447265625,52.826502491785526,-1.4840223018662757,-1.0398038100833091,340.9559852533108,289.78296738340794,6.662099252003652,-0.1890166634987011,-0.0174541521120682,0,1,0.58460844,-0.24046974778175353,Bearish,BUY
2026-08-21 00:00:00-04:00,312.04998779296875,312.3800048828125,307.010009765625,309.3500061035156,46876800,0.0,0.0,314.20032501220703,309.99377014160154,57.124556209900874,-1.498573448277,-1.1315577377220474,338.55335352755185,289.8472964968622,6.386239722612784,0.1444754780366803,-0.0062639953932474,1,0,0.66059256,-0.24046974778175353,Bearish,STRONG SELL
2026-08-24 00:00:00-04:00,311.4700012207031,313.3599853515625,309.9700012207031,310.3399963378906,34673600,0.0,0.0,312.88634033203124,310.2930651855469,51.59353498894242,-1.4139225790671617,-1.1880307059910702,334.8663579975051,290.9063226665574,6.0232264996836875,-0.2603249368557581,0.0032002269754076,0,0,0.5518669,-0.24046974778175353,Bearish,STRONG SELL
2026-08-25 00:00:00-04:00,310.7900085449219,313.5899963378906,308.2099914550781,309.8999938964844,25869800,0.0,0.0,311.3919937133789,310.67348205566407,48.88491344827755,-1.3665875050227214,-1.2237420657974003,329.3711681786363,293.4128192481215,5.976457302227991,-0.2539049882331226,-0.0014178077160482,1,1,0.5238984,-0.24046974778175353,Bearish,BUY
2026-08-26 00:00:00-04:00,310.29998779296875,315.42999267578125,308.79998779296875,313.45001220703125,34024500,0.0,0.0,310.16956481933596,311.0191906738281,51.65935621620367,-1.0307356301577215,-1.1851407786694648,323.20546693930635,297.1336626993656,5.946178069376832,0.3152208366512303,0.0114553674748787,1,0,0.5451081,-0.24046974778175353,Bearish,STRONG SELL
2026-08-27 00:00:00-04:00,310.54998779296875,315.3999938964844,309.3999938964844,314.5799865722656,32419200,0.0,0.0,309.2414306640625,311.3311474609375,51.91627737332993,-0.6657171391745464,-1.0812560507704811,316.9417334248486,301.54112790327633,6.084285191127232,-0.0471807080192214,0.0036049587533211,1,0,0.60204965,-0.24046974778175353,Bearish,STRONG SELL
2026-08-28 00:00:00-04:00,316.8500061035156,322.3699951171875,315.45001220703125,319.70001220703125,38649400,0.0,0.0,309.7942398071289,311.8112481689453,64.30716361948728,0.036287622507757,-0.8577473161148336,318.79204642838226,300.79643318587557,6.037142072405134,0.1921762412397591,0.0162757513297477,0,1,0.5565422,-0.24046974778175353,Bearish,BUY
2026-08-31 00:00:00-04:00,319.6000061035156,321.239990234375,312.79998779296875,316.8500061035156,41242700,0.0,0.0,310.4788116455078,312.19318420410156,65.12159111990601,0.3585269047703718,-0.6144924719377926,319.434156210955,301.5234670800606,6.127142769949777,0.0670980662054261,-0.0089146261954785,1,0,0.5579225,-0.24046974778175353,Bearish,STRONG SELL
2026-09-01 00:00:00-04:00,316.9800109863281,327.29998779296875,314.7300109863281,325.1300048828125,53167400,0.0,0.0,311.27964172363284,312.7607025146484,75.36587280320686,1.2674205253499622,-0.2381098724802416,322.33841275518773,300.22087069207794,6.661427089146206,0.2891348044623654,0.0261322348739099,0,0,0.589427,-0.24046974778175353,Bearish,STRONG SELL
2026-09-02 00:00:00-04:00,326.8699951171875,328.3999938964844,323.5299987792969,324.9599914550781,33776400,0.0,0.0,311.9910400390625,313.378974609375,73.30808254048492,1.9515108033597244,0.1998142626877516,324.6204819407617,299.36159813736333,6.727140154157366,-0.3647159725696574,-0.0005229090676993,1,1,0.5974966,-0.24046974778175353,Bearish,BUY
2026-09-03 00:00:00-04:00,324.8699951171875,330.80999755859375,324.1099853515625,328.2099914550781,37225800,0.0,0.0,312.794499206543,314.0866259765625,74.84389005231682,2.724498789796371,0.7047511681094756,327.3602075651291,298.2287908479569,6.977855137416294,0.1021245603439087,0.010001231183714,0,0,0.70823675,-0.24046974778175353,Bearish,STRONG SELL
2026-09-04 00:00:00-04:00,328.30999755859375,328.92999267578125,317.8599853515625,319.9700012207031,39606900,0.0,0.0,313.13999938964844,314.9877679443359,63.63292334612518,2.6417465805324696,1.0921502505940743,328.05582826327577,298.2241705160211,7.431427001953125,0.0639637025933625,-0.0251058482340651,0,1,0.53475696,-0.24046974778175353,Bearish,BUY
2026-09-08 00:00:00-04:00,317.1000061035156,320.70001220703125,314.8999938964844,316.2200012207031,35477100,0.0,0.0,313.53799896240236,315.6414587402344,55.946209311352064,2.2476615552627095,1.3232525115278015,328.32984099950494,298.7461569252998,7.424285888671875,-0.1042697105807322,-0.011719848691107,0,1,0.5722657,-0.24046974778175353,Bearish,BUY
2026-09-09 00:00:00-04:00,315.489990234375,319.1499938964844,309.8999938964844,315.3399963378906,65640000,0.0,0.0,314.0594985961914,316.31831420898436,48.38500967194764,1.8430912849236736,1.427220266206976,328.2955459543215,299.82345123806135,7.393572126116071,0.8502075987045163,-0.00278288811402,1,1,0.59050995,-0.24046974778175353,Bearish,BUY
2026-09-10 00:00:00-04:00,316.6700134277344,326.739990234375,316.510009765625,326.57000732421875,70011900,0.0,0.0,315.27549896240237,317.06750122070315,64.73086484303148,2.4009577183546753,1.6219677566365158,329.4186348801839,301.13236304462083,7.519999912806919,0.0666042047531991,0.0356123901717022,1,1,0.62080634,-0.24046974778175353,Bearish,BUY
2026-09-11 00:00:00-04:00,327.45001220703125,336.2200012207031,326.29998779296875,332.2699890136719,50716900,0.0,0.0,316.62599792480466,317.8303741455078,70.61890595778934,3.2653706118725836,1.9506483276837296,331.85865062152624,301.3933452280831,7.845001220703125,-0.2755960058218674,0.0174540881330667,1,0,0.50602275,-0.24046974778175353,Bearish,STRONG SELL
2026-09-14 00:00:00-04:00,334.7900085449219,335.5,331.3399963378906,333.0799865722656,39269100,0.0,0.0,317.9834976196289,318.32469299316404,70.52344784581248,3.9700201700223374,2.354522696151451,334.0205154520306,301.9464797872272,7.855717250279018,-0.2257196319175659,0.0024377692400032,0,0,0.5412252,-0.24046974778175353,Bearish,STRONG SELL
2026-09-15 00:00:00-04:00,330.1400146484375,331.7799987792969,328.3500061035156,331.3399963378906,31748200,0.0,0.0,319.27099761962893,318.70368103027346,68.9065236556929,4.338050999790369,2.7512283568792344,335.25307494021166,303.2889202990462,7.809286934988839,-0.1915220873409372,-0.0052239411088047,1,1,0.52574885,-0.24046974778175353,Bearish,BUY
2026-09-16 00:00:00-04:00,332.5299987792969,335.4800109863281,330.70001220703125,332.4100036621094,35981000,0.0,0.0,320.3899978637695,319.1440350341797,67.48431485449555,4.6623144734803645,3.1334455801994605,336.77658716770145,304.00340855983757,7.677143641880581,0.1333240939643822,0.0032293334219983,1,0,0.56926847,-0.24046974778175353,Bearish,STRONG SELL
2026-09-17 00:00:00-04:00,334.7699890136719,338.3399963378906,330.17999267578125,337.0,36700200,0.0,0.0,321.39849853515625,319.6216357421875,69.43481658509073,5.22938881773041,3.55263422770565,339.27732156430363,303.51967550600887,7.831429617745536,0.0199883271726744,0.0138082376803445,0,0,0.5601752,-0.24046974778175353,Bearish,STRONG SELL
2026-09-18 00:00:00-04:00,337.9100036621094,338.489990234375,332.5299987792969,336.1300048828125,86588200,0.0,0.0,322.63999938964844,320.02528564453127,65.37525259967764,5.5446823394300395,3.951043850050529,341.00793116410586,304.272067615191,7.700714111328125,1.3593386412063149,-0.0025815878848294,1,1,0.5856793,-0.24046974778175353,Bearish,BUY
2026-09-21 00:00:00-04:00,335.2799987792969,339.6400146484375,333.04998779296875,338.9800109863281,34999200,0.0,0.0,324.1214996337891,320.50391967773436,70.70934673068334,5.9558708294816824,4.35200924593676,342.75386850826607,305.4891307593121,7.568572998046875,-0.595797117852086,0.0084788803799567,1,1,0.59798014,-0.24046974778175353,Bearish,BUY
2026-09-22 00:00:00-04:00,340.1400146484375,345.3399963378906,338.75,339.75,40711800,0.0,0.0,325.59199981689454,320.9581884765625,65.91899015488741,6.27157750705743,4.735922898160894,344.28681942997,306.89718020381906,7.141431535993304,0.1632208736199685,0.0022714879601055,0,0,0.7093213,-0.24046974778175353,Bearish,STRONG SELL
2026-09-23 00:00:00-04:00,341.0799865722656,341.79998779296875,335.5,337.0199890136719,31658800,0.0,0.0,326.94799957275393,321.4068145751953,62.438121304903966,6.22967642069824,5.034673602668363,344.76397414469636,309.1320250008115,7.243573869977679,-0.2223679621141782,-0.0080353524248067,0,1,0.52295774,-0.24046974778175353,Bearish,BUY
2026-09-24 00:00:00-04:00,336.7200012207031,338.9100036621094,334.29998779296875,335.9200134277344,24733100,0.0,0.0,328.0714996337891,321.58085876464844,58.32077410515499,6.0381071305619685,5.235360308247085,345.12095607951176,311.0220431880664,7.094288417271206,-0.2187606605430402,-0.0032638289175568,1,1,0.5620029,-0.24046974778175353,Bearish,BUY
2026-09-25 00:00:00-04:00,336.0400085449219,341.6700134277344,334.5299987792969,341.07000732421875,29950100,0.0,0.0,329.39600067138673,321.74280212402346,74.39873469091043,6.2300326171483675,5.434294770027342,346.1455681549858,312.64643318778764,6.813574654715402,0.2109319090611368,0.0153310124155263,0,0,0.73292214,-0.24046974778175353,Bearish,STRONG SELL
